순위,책제목,저자,출판사,가격
1,파친코 1 ,"이민진, 이미정",문학사상,"13,050원"
2,파친코 2 ,"이민진, 이미정",문학사상,"13,050원"
3,2022 제13회 젊은작가상 수상작품집  ,"임솔아, 김멜라, 김병운, 김지연, 김혜진, 서수진, 서이제",문학동네,"6,930원"
4,가불 선진국 ,조국,메디치미디어,"14,400원"
5,얼굴만으론 좋아할 수 없어요 3 ,"안자이 카린, 이소연",서울미디어코믹스(서울문화사),"4,950원"
6,가라오케 가자!  ,"와야마 야마, 현승희",문학동네,"7,650원"
7,불편한 편의점 (40만부 기념 벚꽃 에디션) ,김호연,나무옆의자,"12,600원"
8,물고기는 존재하지 않는다  ,"룰루 밀러, 정지인",곰출판,"15,300원"
9,3월의 라이온 16  ,"우미노 치카, 서현아",시리얼(학산문화사),"7,200원"
10,위대한 국민의 나라 ,문재인 대통령 비서실,한즈미디어(한스미디어),"18,000원"
11,저주토끼 (리커버)  ,정보라,아작,"13,320원"
12,꽃샘바람에 흔들린다면 너는 꽃  ,류시화,수오서재,"12,150원"
13,그 해 우리는 포토 에세이 ,스튜디오S,김영사,"29,700원"
14,아무도 흔들 수 없는 나라 ,"문재인, 대통령 비서실",김영사,"18,000원"
15,웰씽킹 WEALTHINKING (10만 부 기념 한정판 골드 에디션) ,켈리 최,다산북스,"14,400원"
16,이어령의 마지막 수업 ,"김지수, 이어령",열림원,"14,850원"
17,운명을 바꾸는 부동산 투자 수업 : 기초편 ㅣ 운명을 바꾸는 부동산 투자 수업  ,부동산읽어주는남자(정태익),리더스북,"15,120원"
18,오리 부리 이야기 ㅣ 난 책읽기가 좋아  ,"황선애, 간장",비룡소,"9,900원"
19,김학렬의 부동산 투자 절대 원칙 ,김학렬(빠숑),에프엔미디어,"22,500원"
20,143층 나무 집 ㅣ 456 Book 클럽  ,"앤디 그리피스, 테리 덴톤, 신수진",시공주니어,"10,800원"
21,지리의 힘 2 ㅣ 지리의 힘 2 ,"팀 마샬, 김미선",사이,"20,700원"
22,거의 모든 행동 표현의 영어 ,서영조,사람in,"14,400원"
23,10배의 법칙  ,"그랜트 카돈, 최은아",부키,"15,120원"
24,여름이 온다 ㅣ 비룡소의 그림동화 297  ,이수지,비룡소,"24,300원"
25,그림들  ,SUN 도슨트,나무의마음,"17,820원"
26,나의 아저씨 1~2 세트 - 전2권 ㅣ 인생드라마 작품집 시리즈  ,박해영,세계사,"44,640원"
27,"어서 오세요, 휴남동 서점입니다 ",황보름,클레이하우스,"13,500원"
28,마음의 법칙 ,"폴커 키츠, 마누엘 투쉬, 김희상",포레스트북스,"14,400원"
29,도파민네이션 ,"애나 렘키, 김두완",흐름출판,"16,200원"
30,운명을 바꾸는 부동산 투자 수업 : 실전편 ㅣ 운명을 바꾸는 부동산 투자 수업  ,부동산읽어주는남자(정태익),리더스북,"15,120원"
31,"아무튼, 노래 ㅣ 아무튼 시리즈 49 ",이슬아,위고,"10,800원"
32,원피스 101  ,오다 에이치로,대원씨아이(만화),"4,950원"
33,전생했더니 슬라임이었던 건에 대하여 19 ,"후세, 밋츠바, 도영명",㈜소미미디어,"9,900원"
34,놓아주는 엄마 주도하는 아이 ,"윌리엄 스틱스러드, 네드 존슨, 이영래",쌤앤파커스,"15,750원"
35,태쁘의 퇴마부 1 ,"태쁘, 김혜련, 이소연, 샌드박스 네트워크",겜툰,"11,700원"
36,보도 섀퍼의 이기는 습관  ,"보도 섀퍼, 박성원",토네이도,"15,300원"
37,내가 모르는 사이에 ㅣ 웅진책마을 112 ,"김화요, 오윤화",웅진주니어,"9,000원"
38,다산의 마지막 질문 ㅣ 다산의 마지막 시리즈   ,조윤제,청림출판,"15,300원"
39,ETS 토익 정기시험 기출문제집 1000 Vol. 3 Reading (리딩) ㅣ ETS 토익 정기시험 기출문제집  ,ETS,(주)YBM(와이비엠),"16,020원"
40,돈의 심리학 (10만 부 기념 골드 에디션) ,"모건 하우절, 이지연",인플루엔셜(주),"17,820원"
41,2022 민준호 독학 행정법 필기노트 ,민준호,호인북스,"19,800원"
42,오은영의 화해 (리커버) ,오은영,코리아닷컴(Korea.com),"14,400원"
43,이웃집 백만장자 변하지 않는 부의 법칙 ,"토머스 J. 스탠리, 세라 스탠리 팰로, 김미정",비즈니스북스,"15,120원"
44,아야카시 트라이앵글 1 ,"야부키 켄타로, 도영명",서울미디어코믹스(서울문화사),"4,950원"
45,아야카시 트라이앵글 2 ,"야부키 켄타로, 도영명",서울미디어코믹스(서울문화사),"4,950원"
46,지구 끝의 온실  ,김초엽,자이언트북스,"13,500원"
47,해커스 토익 기출 보카 TOEIC VOCA 단어장 ,David Cho,해커스어학연구소(Hackers),"11,610원"
48,열혈강호 85 ,"전극진, 양재현",대원씨아이(만화),"4,950원"
49,"아무튼, 피아노 ㅣ 아무튼 시리즈 48 ",김겨울,제철소,"10,800원"
50,"2022 큰별쌤 최태성의 별★별한국사 한국사능력검정시험 심화(1, 2, 3급) 상 ㅣ 큰별쌤 최태성의 별★별한국사 한국사능력검정시험 시리즈  ",최태성,이투스북,"13,500원"
51,ETS 토익 정기시험 기출문제집 1000 Vol. 3 Listening (리스닝) ㅣ ETS 토익 정기시험 기출문제집  ,ETS,(주)YBM(와이비엠),"16,020원"
52,도원암귀 4 ㅣ S코믹스  ,"우루시바라 유라, 천선필",㈜소미미디어,"4,950원"
53,왜 아플까  ,"벤저민 빅먼, 이영래, 황성혁",북드림,"15,300원"
54,오래되고 멋진 클래식 레코드 ,"무라카미 하루키, 홍은주",문학동네,"22,500원"
55,행정법 엑기스 Handbook ,정선균,필통북스,"19,800원"
56,긴긴밤 ㅣ 보름달문고 83 ,루리,문학동네,"10,350원"
57,낯선 사람에게 말 걸기 ,"폴 오스터, 김석희, 민승남, 이종인, 황보석",열린책들,"16,020원"
58,내가 같이 뛰어내려 줄게 ,씨씨코,다산북스,"14,400원"
59,소설 보다 : 봄 2022 ㅣ 소설 보다   ,"김병운, 위수정, 이주혜",문학과지성사,"3,150원"
60,나는 3학년 2반 7번 애벌레 ㅣ 첫 읽기책 8 ,"김원아, 이주희",창비,"8,100원"
61,어떻게 살아야 하는가 ,"이나모리 가즈오, 김윤경",다산북스,"15,300원"
62,2022 심우철 실전동형 모의고사 Season 3 ㅣ 2022 심우철 실전동형 모의고사  ,심우철,심슨북스,"14,400원"
63,믹스 MIX 18  ,"아다치 미츠루, 강동욱",대원씨아이(만화),"4,950원"
64,시맨틱 에러 포토에세이 ,"왓챠, 래몽래인",blackD(블랙디),"19,800원"
65,2022 이동기 영어 실전동형 모의고사 Vol.2 - 전2권 ㅣ 2022 이동기 영어 실전동형 모의고사 2 ,이동기,에스티유니타스,"15,300원"
66,주식 멘토 김현구의 주식 잘 사고 잘 파는 법 ,김현구,메이트북스,"17,100원"
67,위기주도학습법 ,임현서,스튜디오오드리,"12,600원"
68,롤랑의 노래  ,김준한,휴머니스트,"19,800원"
69,"2022 큰별쌤 최태성의 별★별한국사 한국사능력검정시험 심화(1, 2, 3급) 하 ㅣ 큰별쌤 최태성의 별★별한국사 한국사능력검정시험 시리즈  ",최태성,이투스북,"13,050원"
70,흔한남매 불꽃 튀는 우리말 5 ㅣ 흔한남매 불꽃 튀는 우리말 5 ,"한은호, 흔한남매, 유희석, 흔한컴퍼니",다산어린이,"11,700원"
71,백광 ,"렌조 미키히코, 양윤옥",모모,"13,050원"
72,손석희의 앵커브리핑 1 ㅣ 손석희의 앵커브리핑 1 ,"손석희, 김현정",역사비평사,"16,200원"
73,2022 신용한 행정학 실전과 가장 유사한 지방직 9급 대비 모의고사 ,"신용한, SK100수험연구소",메가스터디교육(공무원),"10,800원"
74,도쿄 에일리언즈 2 ,"NAOE, 박소현",서울미디어코믹스(서울문화사),"4,500원"
75,인생이 지옥처럼 느껴질 때 ,"마샤 리네한, 정미나, 박지니, 서수연",비잉(Being),"18,000원"
76,"칵테일, 러브, 좀비 ㅣ 안전가옥 쇼-트 2  ",조예은,안전가옥,"9,000원"
77,룩 백 ,후지모토 타츠키,학산문화사(만화),"5,400원"
78,지리의 힘 ㅣ 지리의 힘 1  ,"팀 마샬, 김미선",사이,"15,300원"
79,손석희의 앵커브리핑 2 ㅣ 손석희의 앵커브리핑 2 ,"손석희, 김현정",역사비평사,"16,200원"
80,부자 아빠 가난한 아빠 1 (20주년 특별 기념판)  ,"로버트 기요사키, 안진환",민음인,"14,220원"
81,데일 카네기 자기관리론 ,"데일 카네기, 임상훈",현대지성,"10,350원"
82,예의 없는 친구들을 대하는 슬기로운 말하기 사전 ㅣ 슬기사전 2 ,"김원아, 김소희",사계절,"11,700원"
83,2022 주택과 세금 ,국세청 부동산납세과,DTW(더존테크윌),"7,000원"
84,2022 써니 행정법총론 단원별 모의고사 - 전2권 ,박준철,에스티유니타스,"18,900원"
85,테라피스트 ,"B. A. 패리스, 박설영",모모,"14,400원"
86,사피엔스 ㅣ 인류 3부작 시리즈   ,"유발 하라리, 조현욱, 이태수",김영사,"19,800원"
87,달러구트 꿈 백화점 ㅣ 달러구트 꿈 백화점   ,이미예,팩토리나인,"12,420원"
88,진짜 쓰는 실무 엑셀 ㅣ 진짜 쓰는 시리즈  ,오빠두(전진권),제이펍,"18,900원"
89,현명한 반도체 투자 ,우황제,이레미디어,"17,550원"
90,2022 써니 행정법총론 실전동형 모의고사 - 전2권 ,박준철,지금(도서출판),"9,000원"
91,루호 ㅣ 창비아동문고 323 ,"채은하, 오승민",창비,"9,720원"
92,SQL 자격검정 실전문제 ,한국데이터산업진흥원,한국데이터산업진흥원,"17,460원"
93,프레임의 힘 ,"케네스 쿠키어, 빅토어 마이어 쇤버거, 프랑시스 드 베리쿠르, 김경일, 김태훈",21세기북스,"17,820원"
94,스파이 패밀리 1 ,엔도 타츠야,학산문화사(만화),"5,400원"
95,농부 달력 ㅣ 웅진 모두의 그림책 44 ,김선진,웅진주니어,"12,600원"
96,푸른 사자 와니니 ㅣ 창비아동문고 280 ,"이현, 오윤화",창비,"9,720원"
97,H마트에서 울다 ,"미셸 자우너, 정혜윤",문학동네,"14,400원"
98,김경일의 지혜로운 인간생활 ,김경일,저녁달,"15,750원"
99,밝은 밤  ,최은영,문학동네,"13,050원"
100,월요일의 타와와 : 청판 1 ,히무라 키세키,학산문화사(만화),"8,100원"
101,마법사의 신부 13 ,야마자키 코레,학산문화사(만화),"5,400원"
102,설민석의 한국사 대모험 20 ㅣ 설민석의 한국사 대모험 20 ,"설민석, 스토리박스, 정현희, 강석화",아이휴먼,"10,800원"
103,수학 잘하는 아이를 만드는 초등수학 심화 공부법 ㅣ 초중고로 이어지는 바른 공부습관 3 ,류승재,블루무스,"19,800원"
104,2022 유휘운 행정법총론 요약노트 + 기출문제 ,유휘운,메가스터디교육(공무원),"15,300원"
105,2023 ACL 강해준 경찰학 OX 문제집 4.0 ,강해준,에이씨엘커뮤니케이션,"15,300원"
106,좀비고등학교 코믹스 시즌2 3 ㅣ 좀비고등학교코믹스 시즌2 3 ,"박순영, 라임스튜디오",겜툰,"8,820원"
107,거의 모든 것의 역사  ,"빌 브라이슨, 이덕환",까치,"22,500원"
108,데일 카네기 인간관계론 ,"데일 카네기, 임상훈",현대지성,"10,350원"
109,세금의 세계사  ,"도미닉 프리스비, 조용빈",한빛비즈,"16,020원"
110,스파이 패밀리 2 ,엔도 타츠야,학산문화사(만화),"5,400원"
111,킹스메이커 트리플 크라운 5  ,"하가, 강지영",재담북스,"15,300원"
112,"돈, 뜨겁게 사랑하고 차갑게 다루어라 ㅣ 코스톨라니 투자총서 1  ","앙드레 코스톨라니, 한윤진",미래의창,"10,800원"
113,마음에 없는 소리  ,김지연,문학동네,"13,050원"
114,킹스메이커 트리플 크라운 7  ,"하가, 강지영",재담북스,"15,300원"
115,스파이 패밀리 3 ,엔도 타츠야,학산문화사(만화),"5,400원"
116,거꾸로 읽는 세계사 ,유시민,돌베개,"15,750원"
117,읽기  ,"가야트리 차크라보르티 스피박, 안준범",리시올,"15,300원"
118,파이어 FIRE  ,강환국,페이지2(page2),"16,200원"
119,우리는 여전히 삶을 사랑하는가  ,"에리히 프롬, 라이너 풍크, 장혜경",김영사,"14,220원"
120,킹스메이커 트리플 크라운 6  ,"하가, 강지영",재담북스,"15,300원"
121,고양이 해결사 깜냥 4 ㅣ 고양이 해결사 깜냥 4 ,"홍민정, 김재희",창비,"9,900원"
122,스파이 패밀리 4 ,엔도 타츠야,학산문화사(만화),"5,400원"
123,2022 선재국어 실전 봉투 모의고사 1 ㅣ 2022 선재국어 실전 봉투 모의고사  ,이선재,에스티유니타스,"11,700원"
124,흔한남매 오해요 ,"흔한남매, 백난도, 유난희, 흔한컴퍼니",미래엔아이세움,"12,150원"
125,스파이 패밀리 8 ,엔도 타츠야,학산문화사(만화),"5,400원"
126,달러구트 꿈 백화점 2 ㅣ 달러구트 꿈 백화점   ,이미예,팩토리나인,"12,420원"
127,극장판 주술회전 0 노벨라이즈 ,"아쿠타미 게게, 기타구니 발라드, 유유리, 세코 히로시",서울미디어코믹스(서울문화사),"8,550원"
128,스파이 패밀리 7 ,엔도 타츠야,학산문화사(만화),"5,400원"
129,따라 하면 무조건 돈 버는 실전 부동산 경매 ,"유근용, 정민우",비즈니스북스,"19,800원"
130,부동산 절세의 기술 ,"김동우, 최왕규, 송희창(송사무장)",지혜로,"17,100원"
131,아몬드 (양장)  ,손원평,창비,"10,800원"
132,럭키 드로우 ,드로우앤드류,다산북스,"14,400원"
133,배우의 방 ㅣ 자기만의 방  ,정시우,휴머니스트,"16,200원"
134,일하고 일하고 사랑을 하고 ㅣ 창비시선 472  ,최지인,창비,"8,100원"
135,스파이 패밀리 6 ,엔도 타츠야,학산문화사(만화),"5,400원"
136,"인종, 국민, 계급 ㅣ 접경인문학 이론총서 1 ","에티엔 발리바르, 이매뉴얼 월러스틴, 김상운",두번째테제,"22,500원"
137,흔한남매 과학 탐험대 4 : 물질 ㅣ 흔한남매 과학 탐험대 4 ,"흔한남매, 이현진, 닥터 스코, 김덕영, 최진수, 정현철, 김희목, 권경아, 최진수",주니어김영사,"12,600원"
138,시점의 힘 ㅣ 내 글이 작품이 되는 법  ,"샌드라 거스, 지여울",윌북,"12,420원"
139,2022 해커스공무원 신민숙 하프모의고사 국어 2 : 합격편 (9급 공무원 7급 지방직) ㅣ 2022 해커스공무원 하프모의고사  ,신민숙,해커스공무원,"12,600원"
140,세력주 매매 공식 ,와조스키,경향BP,"13,500원"
141,코미 양은 커뮤증입니다 22 ㅣ S코믹스  ,"오다 토모히토, 박경용",㈜소미미디어,"4,500원"
142,전생했더니 슬라임이었던 건에 대하여 19 ㅣ S코믹스  ,"카와카미 타이키, 후세, 밋츠바, 도영명",㈜소미미디어,"4,950원"
143,2022 문동균 한국사 실전 봉투 모의고사 ,문동균,에스티유니타스,"7,650원"
144,2022 노동법기출 사례노트 ,이수진,경연,"34,200원"
145,성공의 문을 여는 마스터키 ,"찰스 F. 해낼, 김우열",샨티,"13,500원"
146,세계 심리학 필독서 30 ㅣ 필독서 시리즈 1 ,"사토 다쓰야, 박재영",센시오,"16,020원"
147,2022 에듀윌 공기업 ALL NCS 코레일 최최종 봉투모의고사 7회 ,에듀윌 취업연구소,에듀윌,"12,600원"
148,도쿄 에일리언즈 1 ,"NAOE, 박소현",서울미디어코믹스(서울문화사),"4,500원"
149,나츠메 우인장 27 ,"미도리카와 유키, 서현아",학산문화사(만화),"5,400원"
150,2022 해커스공무원 실전동형모의고사 국어 2 12회 (7급공무원 9급공무원) ㅣ 2022 해커스 공무원 실전동형모의고사  ,해커스 공무원시험연구소,해커스공무원,"15,300원"
151,이거 정말 맛있습니다 ,유튜버 자취요리신,종이향기(인성재단),"19,800원"
152,어떻게 말해줘야 할까 ,"오은영, 차상미",김영사,"15,750원"
153,에그박사 6 ㅣ 에그박사 6 ,"에그박사, 박송이, 홍종현, 장민호",미래엔아이세움,"12,150원"
154,"행복을 파는 브랜드, 오롤리데이 ",박신후,블랙피쉬,"15,300원"
155,첫 문장의 힘 ㅣ 내 글이 작품이 되는 법  ,"샌드라 거스, 지여울",윌북,"13,320원"
156,2022 수제비 정보처리기사 실기 1권+2권 합본세트 ㅣ 2022 수제비 정보처리기사/정보처리산업기사  ,NCS 정보처리기술사 연구회,건기원,"31,500원"
157,부의 인문학 (20만부 기념 개정증보판) ,우석(브라운스톤),오픈마인드,"15,300원"
158,픽사 스토리텔링 ,"매튜 룬, 박여진",현대지성,"13,500원"
159,아끼고 아낀 말 ,정세운,위즈덤하우스,"14,400원"
160,백귀야행 29  ,"이마 이치코, 한나리",시공사(만화),"4,500원"
161,2022 해커스공무원 실전동형모의고사 영어 2 12회 (9급공무원) ㅣ 2022 해커스 공무원 실전동형모의고사  ,해커스 공무원시험연구소,해커스공무원,"15,300원"
162,김락희의 인체 드로잉 ,"김락희, 윤관현",성안당,"31,500원"
163,2022 이유진 국어 화제의 모의고사 (봉투형) ,"이유진, 최형우",고시동네,"11,700원"
164,안녕 주정뱅이 (리커버 특별판) ,권여선,창비,"12,150원"
165,2022 해커스공무원 실전동형모의고사 한국사 2 16회 (9급공무원) ㅣ 2022 해커스 공무원 실전동형모의고사  ,해커스 공무원시험연구소,해커스공무원,"15,300원"
166,오십에 읽는 논어 ,최종엽,유노북스,"14,400원"
167,2022 고종훈 한국사 동형모의고사 시즌 2 ㅣ 2022 고종훈 한국사 동형모의고사  ,고종훈,메가스터디교육(공무원),"14,400원"
168,돈의 속성 (200쇄 기념 개정 증보판/양장본)  ,김승호,스노우폭스북스,"16,020원"
169,도쿄 리벤저스 23 ,와쿠이 켄,학산문화사(만화),"5,400원"
170,원펀맨 One Punch Man 24 ,"ONE, 무라타 유스케",대원씨아이(만화),"4,950원"
171,어린이라는 세계  ,김소영,사계절,"13,500원"
172,부의 추월차선 (10주년 스페셜 에디션) ,"엠제이 드마코, 신소영",토트,"15,750원"
173,유령의 마음으로  ,임선우,민음사,"11,700원"
174,"거미입니다만, 문제라도? 15 ","바바 오키나, 키류 츠카사, 김성래",디앤씨미디어(주)(D&C미디어),"9,000원"
175,"소크라테스 익스프레스 (25만 부 기념 봄 에디션, 양장) ","에릭 와이너, 김하현",어크로스,"16,200원"
176,나보코프 단편전집 ,"블라디미르 나보코프, 김윤하",문학동네,"38,700원"
177,2022 신광은 형사법 ,신광은,에스케이법률연구소,"19,800원"
178,체리새우 : 비밀글입니다 ㅣ 문학동네 청소년 42 ,황영미,문학동네,"10,350원"
179,2022 이동기 영어 기적의 특강 ,이동기,에스티유니타스,"13,500원"
180,파이브 스타 스토리 The Five Star Stories 16 ,나가노 마모루,서울미디어코믹스(서울문화사),"10,800원"
181,정재승의 인류 탐험 보고서 3 ㅣ 어린이를 위한 호모 사피엔스 뇌과학  ,"정재승, 차유진, 김현민, 백두성",아울북,"12,600원"
182,김헌의 그리스 로마 신화 ,김헌,을유문화사,"18,000원"
183,미드나잇 라이브러리 ,"매트 헤이그, 노진선",인플루엔셜(주),"14,220원"
184,"빠졌어, 너에게 ","와야마 야마, 김진희",문학동네,"7,650원"
185,"큰별쌤 최태성의 별★별한국사 시대별 기출문제집 한국사능력검정시험 심화(1,2,3급) ㅣ 큰별쌤 최태성의 별★별한국사 한국사능력검정시험 시리즈  ",최태성,이투스북,"16,200원"
186,대박 쉽게 숙제하는 법 ㅣ 난 책읽기가 좋아  ,"천효정, 김무연",비룡소,"9,000원"
187,공정하다는 착각 (특별 양장본) ,"마이클 샌델, 함규진",와이즈베리,"16,200원"
188,타이탄의 도구들 (알라딘 단독 리커버) ,"팀 페리스, 박선령, 정지현",토네이도,"13,500원"
189,TV 애니메이션 주술회전 1st season 컴플리트 북 ,"아쿠타미 게게, 이정운",서울미디어코믹스(서울문화사),"24,300원"
190,영어 필사 100일의 기적 ,퍼포먼스 코치 리아,넥서스,"13,500원"
191,잘 살아라 그게 최고의 복수다 ,권민창,마인드셋,"13,500원"
192,채소 마스터 클래스  ,"백지혜, 정멜멜",세미콜론,"20,700원"
193,설민석의 세계사 대모험 12 ㅣ 설민석의 세계사 대모험 12 ,"설민석, 김정욱, 박성일, 원태준",단꿈아이,"10,800원"
194,2022 에듀윌 스포츠지도사 필기 한권끝장 ㅣ 2022 에듀윌 스포츠지도사  ,"정수봉, 이준영, 원효리, 이성열, 임다연, 이재우",에듀윌,"26,100원"
195,스파이 패밀리 5 ,엔도 타츠야,학산문화사(만화),"5,400원"
196,2022 시험용법전 ,현암사 법전부,현암사,"34,200원"
197,코스모스 ,"칼 세이건, 홍승수",사이언스북스,"16,650원"
198,여학교의 별 1 ,"와야마 야마, 현승희",문학동네,"7,650원"
199,이기적 유전자  ,"리처드 도킨스, 홍영남, 이상임",을유문화사,"18,000원"
200,민주주의 공부  ,"얀-베르너 뮐러, 권채령",윌북,"16,020원"
201,i에게 ㅣ 아침달 시집 9 ,김소연,아침달,"9,000원"
202,경찰 헌법도약 기출문제집 - 전2권 ,이국령,윌비스(미래와사람 한림법학원),"22,500원"
203,2022 선재국어 나침판 기출 변형 모의고사 ㅣ 2022 선재국어  ,이선재,에스티유니타스,"18,900원"
204,좋은지 나쁜지 누가 아는가  ,류시화,더숲,"13,500원"
205,JLPT 일본어능력시험 한권으로 끝내기 N3 ㅣ JLPT 일본어능력시험 한권으로 끝내기 (2021 최신 개정판)  ,"이치우, 기타지마 치즈코",다락원,"24,300원"
206,비전공자도 이해할 수 있는 AI 지식 ,"박상길, 정진호",반니,"17,820원"
207,2022 권규호 국어 수능형 공무원 모의고사 2 ㅣ 2022 권규호 국어 수능형 공무원 모의고사 2 ,권규호,권규호언어연구실,"13,500원"
208,100억 젊은 부자들이 온다 ,신희은,길벗,"15,300원"
209,우리가 빛의 속도로 갈 수 없다면  ,김초엽,허블,"12,600원"
210,세계를 건너 너에게 갈게 ㅣ 문학동네 청소년 39 ,이꽃님,문학동네,"10,350원"
211,"2022 써니 행정법총론 SOS (Summary Of Sunny, 써니 요약집) ",박준철,지금(도서출판),"21,600원"
212,우당탕탕 야옹이와 금빛 마법사 ㅣ 큰곰자리 64 ,"구도 노리코, 윤수정",책읽는곰,"10,800원"
213,2022 고종훈 한국사 동형모의고사 시즌 1 ㅣ 2022 고종훈 한국사 동형모의고사  ,고종훈,메가스터디교육(공무원),"14,400원"
214,주술회전 18 ,"아쿠타미 게게, 이정운",서울미디어코믹스(서울문화사),"4,500원"
215,위저드 베이커리 (양장) ㅣ 소설Y   ,구병모,창비,"12,600원"
216,청춘 블라썸 시즌1 : 1~3 한정판 박스 세트 - 전3권 (굿즈 8종 + 전용수납케이스 포함) ,"홍덕, NEMONE",재담,"67,500원"
217,"사쿠라, 사쿠. 1 ","사키사카 이오, 장혜영",서울미디어코믹스(서울문화사),"5,400원"
218,파도야 놀자 ㅣ 비룡소의 그림동화 204 ,이수지,비룡소,"10,800원"
219,경험 많은 너와 경험 없는 내가 사귀게 된 이야기 1 ,"나가오카 마키코, magako, 조기",AK(에이케이)커뮤니케이션즈,"6,300원"
220,힐링 패러독스 ,시안 하루네,현대지능개발사,"4,950원"
221,소년이 온다  ,한강,창비,"12,600원"
222,2022 큰별쌤 최태성의 별★별한국사 기출 500제 한국사능력검정시험 심화 (1.2.3급) ㅣ 큰별쌤 최태성의 별★별한국사 한국사능력검정시험 시리즈  ,최태성,이투스북,"17,550원"
223,꽃잎 한 장처럼 ,"이해인, 오리여인",샘터사,"14,400원"
224,동물은 어떻게 슬퍼하는가 ,"바버라 J. 킹, 정아영",서해문집,"15,300원"
225,릿터 Littor 2022.4.5 ㅣ 릿터 Littor    ,릿터 편집부,민음사,"11,700원"
226,윤석열 X파일 ,열린공감TV 취재팀,열린공감TV,"14,400원"
227,나만의 순간들 ,김현경,FIKA(피카),"13,320원"
228,위풍당당 여우 꼬리 2 ㅣ 위풍당당 여우 꼬리 2 ,"손원평, 만물상",창비,"10,800원"
229,2022 최신판 에듀윌 공기업 코레일 한국철도공사 NCS+전공 봉투모의고사 6+2회 ,에듀윌 취업연구소,에듀윌,"15,300원"
230,150년 하버드 글쓰기 비법 ,송숙희,유노북스,"14,400원"
231,보도 섀퍼의 돈  ,"보도 섀퍼, 이병서",에포케,"12,600원"
232,재와 물거품 ㅣ 안전가옥 쇼-트 8 ,김청귤,안전가옥,"9,000원"
233,마음버스 ㅣ 바람 그림책 122 ,"김유, 소복이",천개의바람,"11,700원"
234,2022 이진욱 세무사의 공무원 지방세법 ,이진욱,배움,"19,800원"
235,계속 쓰기  ,"대니 샤피로, 한유주",마티,"16,200원"
236,2022 공인노무사 행정쟁송법 사례연습 ,윤성봉,에듀비,"29,700원"
237,나를 알고 싶을 때 뇌과학을 공부합니다 ,"질 볼트 테일러, 진영인",윌북,"17,820원"
238,여성향 게임 세계는 모브에게 가혹한 세계입니다 7 ,"미시마 요무, 몬다, 주승현",㈜소미미디어,"10,800원"
239,2022 김중규 선행정학 ALL PASS 모의고사 지방.서울 9급 ㅣ 2022 김중규 선행정학 ALL PASS 모의고사  ,김중규,카스파(주),"14,400원"
240,전념 ,"피트 데이비스, 신유희",상상스퀘어,"16,020원"
241,전설로 떠나는 월가의 영웅 ,"피터 린치, 존 로스차일드, 이건, 홍진채",국일증권경제연구소,"23,400원"
242,"수학, 개념 씹어먹고 공부해봤니? ",조안호,시공사,"14,400원"
243,체인소 맨 11 ,후지모토 타츠키,학산문화사(만화),"5,400원"
244,읽으면서 바로 써먹는 어린이 한국사 퀴즈 2 ㅣ 맛있는 공부 45 ,"한날, 전기현",파란정원,"10,800원"
245,2022 고종훈 한국사 주제별 기출 엄선 400제 ,고종훈,발해북스,"13,500원"
246,시원찮은 그녀를 위한 육성방법 미사키 쿠레히토 화집 상 Flat. ,"미사키 쿠레히토, 이승원",디앤씨미디어(주)(D&C미디어),"37,800원"
247,지적 대화를 위한 넓고 얕은 지식 1 ㅣ 지적 대화를 위한 넓고 얕은 지식 (개정판) 1 ,채사장,웨일북,"14,400원"
248,달콩이네 떡집 ㅣ 난 책읽기가 좋아  ,"김리리, 김이랑",비룡소,"9,900원"
249,오늘의 일인분 일식  ,"베터홈 협회, 이진숙",참돌,"3,960원"
250,고민의 답 ,글배우,강한별,"14,220원"
251,"세 살, 이제 막 시작하는 육아 ㅣ 굿모닝 굿나잇  ",서천석,김영사,"10,350원"
252,월급쟁이 부자로 은퇴하라 ,너나위,알에이치코리아(RHK),"16,200원"
253,머니 체인저 ,문준희(절약왕 정약용),마인드셋,"14,400원"
254,우리는 모두 각자의 별에서 빛난다 ,이광형,인플루엔셜(주),"14,850원"
255,"오늘 밤, 세계에서 이 사랑이 사라진다 해도 ","이치조 미사키, 권영주",모모,"12,600원"
256,주술회전 0 : 외전 ,"아쿠타미 게게, 이정운",서울미디어코믹스(서울문화사),"4,500원"
257,2022 해커스 공무원 신민숙 국어 문학.비문학 합격생 필기노트 ,신민숙,해커스공무원,"13,410원"
258,잘난 놈 심리학 ,"로버트 A. 글로버, 최한림",미래사,"14,400원"
259,흔한남매 9 ㅣ 흔한남매  ,"흔한남매, 백난도, 유난희, 흔한컴퍼니",미래엔아이세움,"12,150원"
260,이상한 과자 가게 전천당 13 ㅣ 이상한 과자 가게 전천당 13 ,"히로시마 레이코, 쟈쟈, 김정화",길벗스쿨,"10,800원"
261,스즈키 바이올린 교본 1 ㅣ 스즈키 바이올린 교본 1 ,세광음악 편집부,세광음악출판사,"10,800원"
262,강성태 66일 영어회화 ,강성태,다산북스,"15,300원"
263,얼굴만으론 좋아할 수 없어요 1 ,"안자이 카린, 이소연",서울미디어코믹스(서울문화사),"4,950원"
264,자랑의 기술 ,"메러디스 파인먼, 유혜인",문학동네,"14,850원"
265,키르케 (리커버 특별판) ,"매들린 밀러, 이은선",이봄,"15,300원"
266,딱 2년 안에 무조건 돈 버는 부동산 투자 시크릿 ,김세희(세빛희),비즈니스북스,"15,750원"
267,지텔프 기출문제 Level 2 ,커넥츠 지텔프 연구소,커넥츠,"10,620원"
268,사소해서 물어보지 못했지만 궁금했던 이야기 2 ㅣ 사소해서 물어보지 못했지만 궁금했던 이야기 2 ,사물궁이 잡학지식,arte(아르테),"16,920원"
269,언어가 삶이 될 때 ,김미소,한겨레출판,"13,500원"
270,럭키 (10만부 기념 황금열쇠 양장 특별판) ,김도윤,북로망스,"14,400원"
271,순례 주택 ㅣ 블루픽션 (비룡소 청소년 문학선) 81 ,유은실,비룡소,"11,700원"
272,나의 프랑스식 샐러드 ㅣ 나의 샐러드   ,이선혜,브.레드(b.read),"16,200원"
273,인간 실격 ㅣ 민음사 세계문학전집 103 ,"다자이 오사무, 김춘미",민음사,"8,100원"
274,우리는 지금 문학이 필요하다 ,"앵거스 플레처, 박미경",비잉(Being),"24,120원"
275,2022 문동균 한국사 D-30 문단속 모의고사 ,문동균,에스티유니타스,"12,600원"
276,2022 시나공 정보처리기사 실기 ㅣ 2022 시나공 정보처리기사/기능사  ,"길벗 R&D, 강윤석, 김용갑, 김우경, 김정준",길벗,"29,700원"
277,2022 수제비 정보처리기사 실기 FINAL 실전 모의고사 ㅣ 2022 수제비 정보처리기사/정보처리산업기사  ,NCS 정보처리기술사 연구회,건기원,"23,400원"
278,초월하는 세계의 사랑  ,"우다영, 조예은, 문보영, 심너울, 박서련",허블,"11,700원"
279,해커스 토익 RC 리딩 READING ㅣ 해커스 토익 기본서  ,David Cho,해커스어학연구소(Hackers),"16,920원"
280,경매 권리분석 이렇게 쉬웠어? ,"박희철, 송희창",지혜로,"16,200원"
281,얼굴만으론 좋아할 수 없어요 2 ,"안자이 카린, 이소연",서울미디어코믹스(서울문화사),"4,950원"
282,묘사의 힘 ㅣ 내 글이 작품이 되는 법  ,"샌드라 거스, 지여울",윌북,"11,520원"
283,어른의 대화법 ,임정민,서사원,"14,220원"
284,2022 심우철 실전동형 모의고사 Season 2 ㅣ 2022 심우철 실전동형 모의고사  ,심우철,심슨북스,"14,400원"
285,2022 신용한 행정학 시험장까지 들고 가는 핵심 550제 OX ,"신용한, SK100수험연구소",메가스터디교육(공무원),"7,200원"
286,공부의 위로 ,곽아람,민음사,"14,400원"
287,"욕심은 그만, 레이스 장갑! ㅣ 그림책이 참 좋아 87 ",유설화,책읽는곰,"12,600원"
288,2023 특수의 정석 기출 인출집 - 상 ㅣ 2023 특수의 정석 기출 인출집  ,박해인,미래가치,"38,700원"
289,시크릿 ,"론다 번, 김우열",살림Biz,"12,420원"
290,2022 시나공 컴퓨터활용능력 1급 필기 ㅣ 2022 시나공 컴퓨터활용능력  ,"길벗 R&D, 강윤석, 김용갑, 김우경, 김종일",길벗,"27,000원"
291,The Earthian Tales 어션 테일즈 No.2  ,"김보영, 고호관, 구한나리, 김주영, 김지아, 김청귤, 김홍익, 남세오, 남유하, 듀나, LUTO, 박문영, 박해울, 서바이벌SF키트, 심완선, 안톤 허, 연여름, 이규락, 이민섭, 이서영, 이수현, 이현섭, 전삼혜, 전혜진, 정명섭, 정보라, 정이담, 정지돈, 진규, 천선란, 한승태, 해도연, 홍지운, 황모과, OOO, 송경동",아작,"24,300원"
292,워런 버핏의 위대한 부자 수업 ,"존 롱고, 타일러 롱고, 배지혜",비즈니스북스,"23,400원"
293,수상한 놀이터 ㅣ 북멘토 가치동화 47 ,"박현숙, 장서영",북멘토(도서출판),"10,350원"
294,연이와 버들 도령 ㅣ 그림책이 참 좋아 84  ,백희나,책읽는곰,"16,200원"
295,역사의 쓸모  ,최태성,다산초당(다산북스),"13,500원"
296,지성의 돈되는 부동산 1인법인 ,"지성, 이승현",잇콘,"17,100원"
297,나는 불안할 때 논어를 읽는다 ,"판덩, 이서연",미디어숲,"16,020원"
298,먹다 듣다 걷다 ,이어령,두란노,"10,800원"
299,돈의 맛 ,"요시에 마사루, 이정환",포레스트북스,"13,500원"
300,내 아이를 위한 30일 인문학 글쓰기의 기적 ,김종원,상상아카데미,"14,400원"
301,2023 장정훈 경찰학 기본서 ,장정훈,주식회사좋은책,"35,100원"
302,2022 Stima 면접 국가직 9급 1 ㅣ 2022 Stima 면접 국가직  ,스티마,혜음출판사,"21,600원"
303,고양이 해결사 깜냥 3 ㅣ 고양이 해결사 깜냥 3 ,"홍민정, 김재희",창비,"9,900원"
304,12 1/2 부와 성공을 부르는 12가지 원칙 ,"게리 바이너척, 우태영",천그루숲,"13,500원"
305,아들의 뇌 ,곽윤정,포레스트북스,"13,500원"
306,그리스 로마 신화 27 : 트로이아의 목마 ㅣ 만화로 읽는 초등 인문학  ,"박시연, 최우빈, 김헌",아울북,"12,600원"
307,혼자와 함께 사이 ,최유나,알에이치코리아(RHK),"14,220원"
308,알사탕 ㅣ 그림책이 참 좋아 39  ,백희나,책읽는곰,"10,800원"
309,아홉 살 마음 사전 ㅣ 아홉 살 사전  ,"박성우, 김효은",창비,"9,900원"
310,천 개의 파랑  ,천선란,허블,"12,600원"
311,나에게 고맙다 ,전승환,북로망스,"14,400원"
312,용서받지 못한 밤 ,"미치오 슈스케, 김은모",놀,"14,220원"
313,귀멸의 칼날 : 바람의 이정표 ,"고토게 코요하루, 야지마 아야",학산문화사(라이트노벨),"6,300원"
314,두선생의 지도로 읽는 세계사 : 서양 편 ,한영준,21세기북스,"16,200원"
315,2022 민경애 간호관리 민뽀전략 실전동형 모의고사 ,"민경애, 김철규",스쿠리지,"16,200원"
316,정의란 무엇인가 (특별 양장본) ,"마이클 샌델, 김명철, 김선욱",와이즈베리,"13,500원"
317,원피스 100  ,오다 에이치로,대원씨아이(만화),"4,950원"
318,불량한 자전거 여행 ㅣ 창비아동문고 250 ,"김남중, 허태준",창비,"9,720원"
319,캐릭캐릭 체인지! 신장판 1 ,"PEACH-PIT, 김수연",서울미디어코믹스(서울문화사),"11,700원"
320,나는 왜 집중하지 못하는가 ,반건호,라이프앤페이지,"14,400원"
321,테라피 게임 리스타트 2 ,히노하라 메구루,블랑코믹스(BLANC COMICS),"5,400원"
322,숫자는 어떻게 세상을 지배하는가   ,"로렌조 피오라몬티, 박지훈",더좋은책,"4,500원"
323,씨앗을 뿌리는 사람의 우화 ㅣ 비채 모던 앤 클래식 문학 Modern & Classic  ,"옥타비아 버틀러, 장성주",비채,"15,120원"
324,뉴욕주민의 진짜 미국식 주식투자 ,뉴욕주민,비즈니스북스,"21,600원"
325,이토록 뜻밖의 뇌과학 ,"리사 펠드먼 배럿, 변지영, 정재승",더퀘스트,"14,400원"
326,위풍당당 여우 꼬리 1 ㅣ 위풍당당 여우 꼬리 1 ,"손원평, 만물상",창비,"10,800원"
327,2022 전한길 한국사 합격생 필기노트 (스프링) ,전한길,전한길한국사,"13,500원"
328,시맨틱 에러 세트 - 전2권 ,저수리,B-Lab,"23,400원"
329,딸기 우유 공약 ㅣ 고학년을 위한 생각도서관 35 ,"문경민, 허구",주니어김영사,"10,800원"
330,세븐 테크 ,"김미경, 김상균, 김세규, 김승주, 이경전, 이한주, 정지훈, 최재붕, 한재권",웅진지식하우스,"16,200원"
331,잘 그리기 금지  ,"사이토 나오키, 박수현",잼스푼,"14,850원"
332,지적 대화를 위한 넓고 얕은 지식 2 ㅣ 지적 대화를 위한 넓고 얕은 지식 (개정판) 2 ,채사장,웨일북,"14,400원"
333,사랑의 기술  ,"에리히 프롬, 황문수",문예출판사,"10,800원"
334,파리에서 도시락을 파는 여자 ,켈리 최,다산북스,"14,400원"
335,2022 문동균 한국사 문단속 적중 최종 병기 Final 모의고사 ,문동균,에스티유니타스,"11,700원"
336,바나나쌤의 1달 완성 영문법 1 ㅣ 바나나쌤의 1달 완성 영문법 1 ,아티엔바나나(르네),쌤앤파커스,"17,550원"
337,물이 되는 꿈 ,"루시드 폴, 이수지",청어람아이(청어람미디어),"15,300원"
338,JLPT 일본어능력시험 한권으로 끝내기 N1 ㅣ JLPT 일본어능력시험 한권으로 끝내기 (2021 최신 개정판)  ,"이치우, 기타지마 치즈코",다락원,"24,300원"
339,세상에 없는 나의 기억들 ,"리베카 솔닛, 김명남",창비,"15,300원"
340,타인의 신발을 신어보다  ,"브래디 미카코, 정수윤",은행나무,"13,500원"
341,2022 김건호 헌법 최근 10년 단원별 기출문제집 - 전3권 ,김건호,메가스터디교육(공무원),"37,800원"
342,백성녀와 흑목사 8 ,카즈타케 하자노,학산문화사(만화),"5,400원"
343,작별하지 않는다 (눈꽃 에디션) ,한강,문학동네,"12,600원"
344,아몬드 (반양장) ㅣ 창비청소년문학 78 ,손원평,창비,"9,000원"
345,방금 떠나온 세계 ,김초엽,한겨레출판,"13,500원"
346,설민석의 한국사 대모험 19 ㅣ 설민석의 한국사 대모험 19 ,"설민석, 스토리박스, 정현희, 강석화",아이휴먼,"10,800원"
347,고양이 해결사 깜냥 2 ㅣ 고양이 해결사 깜냥 2 ,"홍민정, 김재희",창비,"9,900원"
348,마지막 몰입 ,"짐 퀵, 김미정",비즈니스북스,"15,120원"
349,"바람이 분다, 살아야겠다 ㅣ EBS 인생문답  ","강신주, 지승호",EBS BOOKS,"15,300원"
350,2022 ADsP 데이터 분석 준전문가 ,윤종식,데이터에듀,"25,200원"
351,내 생의 중력에 맞서 ,정인경,한겨레출판,"14,400원"
352,손에 땀을 쥐게 하는 이야기 쓰는 법 ,"조단 E. 로젠펠드, 정미화",아날로그(글담),"18,000원"
353,2022 조태정 영어 Routine 실전동형 모의고사 season 3 ㅣ 2022 조태정 영어 Routine 실전동형 모의고사  ,조태정,메가스터디교육(공무원),"10,350원"
354,조국의 시간 ,조국,한길사,"15,300원"
355,고양이 해결사 깜냥 1 ㅣ 고양이 해결사 깜냥 1  ,"홍민정, 김재희",창비,"9,900원"
356,종목 선정 나에게 물어봐 ,김정수,하움출판사,"23,400원"
357,생각하라 그리고 부자가 되어라 ,"나폴레온 힐, 빌 하틀리, 이한이",반니,"16,200원"
358,대도시의 사랑법  ,박상영,창비,"12,600원"
359,캐릭캐릭 체인지! 신장판 4 ,"PEACH-PIT, 김수연",서울미디어코믹스(서울문화사),"11,700원"
360,페미니즘  ,"데버라 캐머런, 강경아",신사책방,"11,700원"
361,넥스트 ,빈센트(김두언),경이로움,"16,200원"
362,신곡  ,"단테 알리기에리, 귀스타브 도레, 김운찬",열린책들,"32,400원"
363,내 최애는 악역 영애 3 ㅣ S코믹스  ,"아오노시모, 이노리, 하나가타, 정백송",㈜소미미디어,"4,950원"
364,미움받을 용기 (반양장) ㅣ 미움받을 용기 1 ,"기시미 이치로, 고가 후미타케, 전경아, 김정운",인플루엔셜(주),"13,410원"
365,마음챙김의 시  ,류시화,수오서재,"11,700원"
366,ETS 토익 단기 공략 750+ (LC + RC) ㅣ ETS 토익 단기 공략  ,ETS,(주)YBM(와이비엠),"16,200원"
367,나는 장사의 신이다 ,은현장,떠오름,"15,120원"
368,Go Go 카카오프렌즈 23 : 싱가포르 ㅣ Go Go 카카오프렌즈 23 ,"김미영, 김정한",아울북,"10,800원"
369,흔한남매의 흔한 호기심 5 ㅣ 흔한남매  ,"안치현, 흔한남매, 유난희, 이정모, 흔한컴퍼니",미래엔아이세움,"11,700원"
370,체인소 맨 10 ,후지모토 타츠키,학산문화사(만화),"4,500원"
371,2022 신용한 행정학 합격노트 - 전2권 ,신용한,메가스터디교육(공무원),"23,400원"
372,캐릭캐릭 체인지! 신장판 6 ,"PEACH-PIT, 김수연",서울미디어코믹스(서울문화사),"11,700원"
373,2022 이것만은 알고가자 ,심우철,심슨북스,"12,600원"
374,사계절 맛있는 솥밥 보양식  ,최윤정,용감한까치,"17,550원"
375,메이 머스크 : 여자는 계획을 세운다 ,"메이 머스크, 김재성",문학동네,"14,400원"
376,나답게 일한다는 것 ,최명화,인플루엔셜(주),"13,950원"
377,변화와 생존 ,"김동환, 박세익, 김한진",페이지2(page2),"15,300원"
378,별세계 ㅣ 창비시선 474  ,김유림,창비,"9,900원"
379,한국 시집 초간본 100주년 기념판 바람 세트 ㅣ 한국 시집 초간본 100주년 기념판   ,"김창술, 권환, 박세영, 안막, 임화, 이용악, 오장환, 김광균, 김기림, 박남수, 이육사, 윤동주",열린책들,"34,200원"
380,현상학 입문 ,"단 자하비, 김동규",길(도서출판),"18,000원"
381,ETS 토익 정기시험 기출문제집 1000 Vol. 2 Reading (리딩) ㅣ ETS 토익 정기시험 기출문제집  ,ETS,(주)YBM(와이비엠),"16,020원"
382,꽃을 보듯 너를 본다 ㅣ J.H Classic 2 ,나태주,지혜,"9,000원"
383,5번 레인 ㅣ 보름달문고 82 ,"은소홀, 노인경",문학동네,"11,250원"
384,틴틴팅클! 2 ㅣ 틴틴팅클! 2  ,난,중앙books(중앙북스),"16,200원"
385,작은 파티 드레스 ,"크리스티앙 보뱅, 이창실",1984Books,"11,250원"
386,아름다운 초저녁달 2 ,야마모리 미카,학산문화사(만화),"5,400원"
387,이정훈 교수의 성경적 세계관 ,이정훈,도서출판 PLI(피엘아이),"22,500원"
388,에듀윌 토익 실전 LC+RC ,에듀윌 어학연구소,에듀윌,"14,400원"
389,거시기 머시기 ,이어령,김영사,"14,400원"
390,식탐 만세! 한 그릇 더 ,"타카기 나오코, 채다인",살림,"12,150원"
391,시루의 대체불가 토지 투자법 ,시루(양안성),다온북스,"16,200원"
392,유하다요의 10시간 일본어 단어 ,전유하,길벗,"14,400원"
393,해커스 보카 (Hackers Vocabulary) ,David Cho,해커스어학연구소(Hackers),"15,210원"
394,그 해 우리는 2 ,이나은,김영사,"16,650원"
395,ETS 토익 기출 VOCA 출제기관 공식수험서 ,ETS,(주)YBM(와이비엠),"11,610원"
396,송사무장의 부동산 경매의 기술 ,송희창,지혜로,"14,400원"
397,JLPT 일본어능력시험 한권으로 끝내기 N2 ㅣ JLPT 일본어능력시험 한권으로 끝내기 (2021 최신 개정판)  ,"이치우, 기타지마 치즈코",다락원,"24,300원"
398,그 비스크 돌은 사랑을 한다 8 ㅣ S코믹스  ,"후쿠다 신이치, 박연지",㈜소미미디어,"4,950원"
399,웃소 3 ㅣ 웃소 3 ,"웃소, 한바리, 박강호",미래엔아이세움,"11,520원"
400,평균 연령 60세 사와무라 씨 댁의 행복한 수다 ㅣ 마스다 미리 여자 만화 시리즈   ,"마스다 미리, 권남희",이봄,"10,800원"
401,그런 세대는 없다 ,신진욱,개마고원,"18,000원"
402,작가의 문장수업  ,"고가 후미타케, 정연주, 안상헌",경향BP,"3,240원"
403,지도로 읽는다 일본 전국시대 130년 지정학 ㅣ 지도로 읽는다  ,"코스믹출판, 전경아, 야베 켄타로",이다미디어,"14,400원"
404,아이라는 숲 ,이진민,웨일북,"14,400원"
405,2022 전효진 행정법각론 + 기출 400제 ,전효진,연승,"27,000원"
406,ETS 토익 정기시험 기출문제집 1000 Vol. 2 Listening (리스닝) ㅣ ETS 토익 정기시험 기출문제집  ,ETS,(주)YBM(와이비엠),"16,020원"
407,만복이네 떡집 ㅣ 난 책읽기가 좋아  ,"김리리, 이승현",비룡소,"9,900원"
408,그 해 우리는 1 ,이나은,김영사,"16,650원"
409,아주 작은 습관의 힘  ,"제임스 클리어, 이한이",비즈니스북스,"14,400원"
410,엑시트 EXIT (리커버) ,송희창(송사무장),지혜로,"15,300원"
411,푸른 사자 와니니 2 ㅣ 창비아동문고 305 ,"이현, 오윤화",창비,"9,720원"
412,엔드 오브 타임  ,"브라이언 그린, 박병철",와이즈베리,"19,800원"
413,서울 자가에 대기업 다니는 김 부장 이야기 3 : 송 과장 편 ㅣ 서울 자가에 대기업 다니는 김 부장 이야기 3  ,송희구,서삼독,"13,500원"
414,2022 써니 행정법총론 기출문제집 - 전2권 ,박준철,에스티유니타스,"38,700원"
415,호호호  ,윤가은,마음산책,"12,150원"
416,2022 시나공 정보처리기사 필기 ㅣ 2022 시나공 정보처리기사/기능사  ,"길벗 R&D, 강윤석, 김용갑, 김우경, 김정준",길벗,"29,700원"
417,캐릭캐릭 체인지! 신장판 5 ,"PEACH-PIT, 김수연",서울미디어코믹스(서울문화사),"11,700원"
418,캐릭캐릭 체인지! 신장판 2 ,"PEACH-PIT, 김수연",서울미디어코믹스(서울문화사),"11,700원"
419,캐릭캐릭 체인지! 신장판 3 ,"PEACH-PIT, 김수연",서울미디어코믹스(서울문화사),"11,700원"
420,2022 권규호 국어 수능형 공무원 모의고사 1 ㅣ 2022 권규호 국어 수능형 공무원 모의고사 1 ,권규호,권규호언어연구실,"13,500원"
421,짧은 소설 쓰는 법 ㅣ 쓰담문고 1 ,이문영,서해문집,"11,700원"
422,2022-2023 유튜버 나무쌤 나무의사 필기 ,김희성,종이향기(인성재단),"39,600원"
423,한국 시집 초간본 100주년 기념판 하늘 세트 ㅣ 한국 시집 초간본 100주년 기념판   ,"김억, 김소월, 한용운, 정지용, 김영랑, 백석, 김상용, 유치환, 박목월, 조지훈, 박두진, 이남호",열린책들,"34,200원"
424,달러구트 꿈 백화점 (100만부 기념 합본호 기프트 에디션) ㅣ 달러구트 꿈 백화점   ,이미예,팩토리나인,"21,600원"
425,다정한 것이 살아남는다 (더 다정한 새해 프로젝트 리커버) ,"브라이언 헤어, 버네사 우즈, 이민아, 박한선",디플롯,"19,800원"
426,모순 ,양귀자,쓰다,"11,700원"
427,훌훌 ㅣ 문학동네 청소년 57 ,문경민,문학동네,"11,250원"
428,나는 당신이 행복했으면 좋겠습니다 ,박찬위,하이스트,"12,420원"
429,울다가 웃었다 ,김영철,김영사,"13,320원"
430,인스타 브레인 ,"안데르스 한센, 김아영",동양북스(동양문고),"13,500원"
431,리더의 질문법 ,"에드거 H. 샤인, 피터 샤인, 노승영",심심,"15,120원"
432,"지구는 괜찮아, 우리가 문제지 ",곽재식,어크로스,"16,920원"
433,과식하지 않는 삶 ,"이시구로 세이지, 전선영",머스트리드북,"13,050원"
434,너에게 시시한 기분은 없다 ,허연,민음사,"14,400원"
435,그리움은 아무에게나 생기지 않습니다 ,박근혜,가로세로연구소,"13,500원"
436,1984 ㅣ 민음사 세계문학전집 77 ,"조지 오웰, 정회성",민음사,"8,550원"
437,주식투자 절대 원칙  ,주식농부 박영옥,센시오,"15,300원"
438,떨림과 울림 (한정판 리커버) ,김상욱,동아시아,"13,500원"
439,정재승의 과학 콘서트 (개정증보 2판) ,정재승,어크로스,"15,120원"
440,2022 심우철 실전동형 모의고사 Season 1 ㅣ 2022 심우철 실전동형 모의고사  ,심우철,심슨북스,"14,400원"
441,2022년 제45회 이상문학상 작품집 ,"손보미, 강화길, 백수린, 서이제, 염승숙, 이장욱, 최은미",문학사상,"13,950원"
442,2022 신용한 행정학 약점공략 파트별 모의고사 세트 - 전2권 ,신용한,메가스터디교육(공무원),"19,800원"
443,어제 뭐 먹었어? 19  ,"요시나가 후미, 노미영",삼양출판사(만화),"5,400원"
444,안기고 싶은 남자 1위에게 협박당하고 있습니다 8 ,사쿠라비 하시고,현대지능개발사,"4,950원"
445,"오늘의 개, 새  ",송미경,사계절,"14,850원"
446,뉴 게임! New Game! 13 ,토쿠노 쇼타로,대원씨아이(만화),"5,850원"
447,이누야샤 와이드판 22 ,다카하시 루미코,학산문화사(만화),"13,500원"
448,이누야샤 와이드판 21 ,다카하시 루미코,학산문화사(만화),"13,500원"
449,옆집 천사님 때문에 어느샌가 인간적으로 타락한 사연 5 ,"사에키상, 하네코토, JYH",영상출판미디어(주),"6,750원"
450,그 비스크 돌은 사랑을 한다 1 ㅣ S코믹스  ,"후쿠다 신이치, 김현주",㈜소미미디어,"4,950원"
451,우리 모두  ,"레이먼드 카버, 고영범",문학동네,"24,300원"
452,모든 사람에게 사랑받을 필요는 없다 ,이평,스튜디오오드리,"13,500원"
453,SNS광고마케터 1급 ,"양일석, 임현재, 홍민",명진씨앤피,"16,200원"
454,2022 남정선 지방세법 스피드체크 단원별 기출문제집 ,남정선,더나은,"16,200원"
455,그때그때 가볍게 산다 ,장성숙,새벽세시,"13,500원"
456,2022 전효진 행정법총론 8421 문제집 ,전효진,연승,"14,850원"
457,나미야 잡화점의 기적 ,"히가시노 게이고, 양윤옥",현대문학,"13,320원"
458,데미안 ㅣ 민음사 세계문학전집 44  ,"헤르만 헤세, 전영애",민음사,"7,200원"
459,죽음의 수용소에서  ,"빅터 프랭클, 이시형",청아출판사,"8,820원"
460,푸른 사자 와니니 3 ㅣ 창비아동문고 316 ,"이현, 오윤화",창비,"9,720원"
461,주술회전 9 ,"아쿠타미 게게, 이정운",서울미디어코믹스(서울문화사),"4,500원"
462,죽이고 싶은 아이 ,이꽃님,우리학교,"11,250원"
463,착! 붙는 일본어 독학 첫걸음 (증보판) ㅣ 착! 붙는 외국어 시리즈  ,일본어 공부기술연구소,시사일본어사,"12,600원"
464,백년 허리 2 : 치료편 ㅣ 백년 허리 2  ,정선근,언탱글링,"16,650원"
465,백만장자 시크릿 ,"하브 에커, 나선숙",알에이치코리아(RHK),"14,400원"
466,1일 1로그 100일 완성 IT 지식 ,"브라이언 W. 커니핸, 하성창",인사이트,"18,000원"
467,2022 최신판 위포트 공기업 NCS 직업기초능력평가+직무수행능력평가 통합 기본서 모듈형 + PSAT형 ,위포트 연구소,위포트,"21,420원"
468,헬프 미 시스터  ,이서수,은행나무,"13,500원"
469,간다아아! ,"코리 R. 테이버, 노은정",대교북스주니어,"11,700원"
470,사춘기를 위한 맞춤법 수업 ,권희린,생각학교,"11,700원"
471,나 진짜 궁금해! ,"미카 아처, 김난령",나무의말,"13,500원"
472,2022 세무 메가패스 남정선 지방세법 단기완성 ㅣ 2022 세무 메가패스  ,남정선,㈜피앤피커뮤니케이션즈,"18,000원"
473,문해력 교과서 : 초등 국어 3학년 ㅣ 문해력 교과서  ,"이도영, 이형래, 이천희, 전인숙, 권은주, 김희동, 박주현, 우철하, 이정우, 전준희",창비교육,"10,800원"
474,너를 너무너무너무너무 좋아하는 100명의 그녀 2 ,"나카무라 리키토, 노자와 유키코",학산문화사(만화),"5,400원"
475,뻐꾸기 커플 4 ,요시카와 미키,학산문화사(만화),"5,400원"
476,침묵의 봄 ㅣ 레이첼 카슨 전집 5  ,"레이첼 카슨, 김은령, 홍욱희",에코리브르,"16,200원"
477,원피스 99  ,오다 에이치로,대원씨아이(만화),"4,500원"
478,마음챙김 ,"샤우나 샤피로, 박미경",안드로메디안,"14,850원"
479,흔한남매 과학 탐험대 2 : 지구와 달 ㅣ 흔한남매 과학 탐험대 2 ,"흔한남매, 이재국, 이현진, 김덕영, 정현철, 김희목, 권경아, 최진수, 박준건",주니어김영사,"11,520원"
480,메멘토 모리 ,"이어령, 김태완",열림원,"13,500원"
481,던전밥 11 ㅣ S코믹스  ,"쿠이 료코, 김민재",㈜소미미디어,"6,300원"
482,전세가를 알면 부동산 투자가 보인다 ,이현철,매일경제신문사,"16,200원"
483,그 비스크 돌은 사랑을 한다 6 ㅣ S코믹스  ,"후쿠다 신이치, 김현주",㈜소미미디어,"4,950원"
484,2022 해커스 코레일 한국철도공사 NCS+전공 봉투모의고사 6+3회 ,해커스 취업교육연구소,해커스공기업,"13,410원"
485,그 비스크 돌은 사랑을 한다 3 ㅣ S코믹스  ,"후쿠다 신이치, 김현주",㈜소미미디어,"4,950원"
486,인간과 사진 ㅣ 제프 다이어 선집   ,"제프 다이어, 김유진",을유문화사,"20,700원"
487,카구야 님은 고백받고 싶어 21 ,아카사카 아카,학산문화사(만화),"4,950원"
488,2022 성피티의 생활스포츠지도사 2급 필기 합격공식 ,"성우재, 정빛나",좋은땅,"27,000원"
489,문해력 교과서 : 초등 국어 1학년 ㅣ 문해력 교과서  ,"이도영, 이형래, 이천희, 전인숙, 권은주, 김희동, 박주현, 우철하, 이정우, 전준희",창비교육,"10,800원"
490,역사를 만든 음악가들  ,"로르 도트리슈, 이세진",프란츠,"16,020원"
491,The Art of 어드벤처 타임 ,"크리스 맥도널, 한소영, 기예르모 델 토로",아르누보,"43,200원"
492,이토록 공부가 재미있어지는 순간 ,박성혁,다산북스,"13,500원"
493,비전공자를 위한 이해할 수 있는 IT 지식 ,최원영,T.W.I.G(티더블유아이지)(주),"15,120원"
494,읽으면서 바로 써먹는 어린이 한국사 퀴즈 1 ㅣ 맛있는 공부 44 ,"한날, 전기현",파란정원,"10,800원"
495,레버리지 (양장) ,"롭 무어, 김유미",다산북스,"14,400원"
496,피프티 피플  ,정세랑,창비,"12,600원"
497,박시백의 고려사 1  ,박시백,휴머니스트,"13,050원"
498,2022 해커스공무원 신민숙 국어 빈출 어법 240제 (9급 7급) ,신민숙,해커스공무원,"12,600원"
499,그 비스크 돌은 사랑을 한다 5 ㅣ S코믹스  ,"후쿠다 신이치, 김현주",㈜소미미디어,"4,950원"
500,그 비스크 돌은 사랑을 한다 2 ㅣ S코믹스  ,"후쿠다 신이치, 김현주",㈜소미미디어,"4,950원"
501,근사한 솥밥 ,김연아,쉼(도서출판),"14,220원"
502,나의 먹이 ㅣ 쏠쏠 시리즈 2 ,들개이빨,콜라주,"11,700원"
503,2023 퍼시픽 간호사 국시대비 문제집 8 : 기본간호학 ㅣ 2023 퍼시픽 간호사 국시대비 문제집 8 ,퍼시픽도도,퍼시픽북스,"20,900원"
504,노견일기 6 ㅣ 노견일기 6 ,정우열,동그람이,"14,400원"
505,요리와 과학 ,"마이클 브렌너, 피아 소렌슨, 데이비드 와이츠, 구선진",영진.com(영진닷컴),"21,600원"
506,고블린 슬레이어 12 ,"쿠로세 코스케, 카규 쿠모, 칸나츠키 노보루, 김성래",디앤씨미디어(주)(D&C미디어),"4,950원"
507,출동! 119 구조대 애장판 (복각판) 1 ,"소다 마시히토, 허윤",대원씨아이(만화),"8,100원"
508,완전한 행복  ,정유정,은행나무,"14,220원"
509,햇빛은 찬란하고 인생은 귀하니까요 ,장명숙,김영사,"13,320원"
510,해커스 토익 실전 1000제 1 LC 리스닝 문제집 (Hackers TOEIC Listening) ㅣ 해커스 신토익  ,해커스어학연구소,해커스어학연구소(Hackers),"10,710원"
511,선량한 차별주의자  ,김지혜,창비,"13,500원"
512,지적 대화를 위한 넓고 얕은 지식 : 제로 편 ㅣ 지적 대화를 위한 넓고 얕은 지식 (개정판)   ,채사장,웨일북,"17,820원"
513,구의 증명 ㅣ 은행나무 노벨라 7  ,최진영,은행나무,"7,200원"
514,주술회전 10 ,"아쿠타미 게게, 이정운",서울미디어코믹스(서울문화사),"4,500원"
515,달리기를 말할 때 내가 하고 싶은 이야기 ,"무라카미 하루키, 임홍빈",문학사상사,"13,050원"
516,아침에는 죽음을 생각하는 것이 좋다 ,김영민,어크로스,"13,500원"
517,영어 회화의 결정적 단어들 ㅣ 결정적 표현들 2 ,서영조,사람in,"13,500원"
518,망원동 브라더스 ,김호연,나무옆의자,"11,700원"
519,헌팅턴비치에 가면 네가 있을까  ,이어령,열림원,"11,700원"
520,힐링 코드  ,"알렉산더 로이드, 벤 존슨, 이문영",시공사,"15,120원"
521,2022 시나공 컴퓨터활용능력 2급 실기 ㅣ 2022 시나공 컴퓨터활용능력  ,길벗 R&D,길벗,"19,800원"
522,최고의 체력 ,"클레어 데일, 퍼트리샤 페이튼, 이현",알에이치코리아(RHK),"17,820원"
523,채식주의자  ,한강,창비,"13,500원"
524,만남이라는 모험 ,"샤를 페팽, 한수민",타인의사유,"15,120원"
525,고블린 슬레이어 외전 : 이어 원 8 ,"사카에다 켄토, 카규 쿠모, 아다치 신고, 칸나츠키 노보루, 김성래",디앤씨미디어(주)(D&C미디어),"4,950원"
526,나 자신을 알라 ,"스티븐 M. 플레밍, 배명복",바다출판사,"16,020원"
527,해커스 토익 LC 리스닝 LISTENING ㅣ 해커스 토익 기본서  ,David Cho,해커스어학연구소(Hackers),"16,920원"
528,설민석의 한국사 대모험 18 ㅣ 설민석의 한국사 대모험 18 ,"설민석, 스토리박스, 정현희, 강석화",아이휴먼,"10,800원"
529,주술회전 8 ,"아쿠타미 게게, 이정운",서울미디어코믹스(서울문화사),"4,500원"
530,싱글맘 부동산 경매로 홀로서기 ,이선미,지혜로,"14,400원"
531,초역 니체의 말 ㅣ 초역 시리즈  ,"프리드리히 니체, 시라토리 하루히코, 박재현",삼호미디어,"12,600원"
532,2022 이동기 영어 실전동형 모의고사 Vol.1 - 전2권 ㅣ 2022 이동기 영어 실전동형 모의고사 1 ,이동기,에스티유니타스,"15,300원"
533,2022 시나공 컴퓨터활용능력 1급 실기 ㅣ 2022 시나공 컴퓨터활용능력  ,"길벗 R&D, 강윤석, 김우경, 김용갑, 김종일",길벗,"32,400원"
534,2022 이동기 영어 Final 동형모의고사 (봉투형) Vol.1 ,이동기,에스티유니타스,"9,900원"
535,2022 해커스 공무원 신민숙 필수 한자성어 300 (소방/군무원) ,신민숙,해커스공무원,"8,010원"
536,삶이 던지는 질문은 언제나 같다 ,"찰스 핸디, 강주헌",인플루엔셜(주),"15,120원"
537,2022 해커스 GSAT 삼성직무적성검사 통합 기본서 최신기출유형 + 실전모의고사 (수리논리/추리) ,해커스 취업교육연구소,챔프스터디,"20,610원"
538,그 비스크 돌은 사랑을 한다 4 ㅣ S코믹스  ,"후쿠다 신이치, 김현주",㈜소미미디어,"4,950원"
539,착한 달걀 ㅣ 두고두고 보고 싶은 그림책 117 ,"조리 존, 피트 오즈월드, 김경희",길벗어린이,"11,700원"
540,너는 나의 모든 계절이야 ,"유혜율, 이수연",후즈갓마이테일,"13,500원"
541,마스크가 말해주는 것들 ,"공성식, 김미선, 김재형, 김정환, 박해남, 백영경, 오하나, 유현미, 장진범, 추지현",돌베개,"13,500원"
542,독점의 기술 ,"밀렌드 M. 레레, 오기영",페이지2(page2),"14,400원"
543,우리는 아름답게 어긋나지 ㅣ 맞불  ,"노지양, 홍한별",동녘,"12,150원"
544,3일 만에 끝내는 초등 글쓰기 트레이닝 북 ,"안도 히데아키, 이정미, 전병규",한빛라이프,"11,520원"
545,전생했더니 검이었습니다 10 ,"타나카 유, Llo, 신동민",㈜소미미디어,"8,820원"
546,걷기만 해도 병이 낫는다 ,"KBS 생로병사의 비밀 제작팀, 홍정기",비타북스,"14,220원"
547,ETS 토익 정기시험 기출문제집 1000 Vol.1 Reading ㅣ ETS 토익 정기시험 기출문제집  ,ETS,(주)YBM(와이비엠),"16,020원"
548,기억 전달자 ㅣ 블루픽션 (비룡소 청소년 문학선) 20 ,"로이스 로리, 장은수",비룡소,"10,800원"
549,이상한 과자 가게 전천당 1 ㅣ 이상한 과자 가게 전천당 1 ,"히로시마 레이코, 쟈쟈, 김정화",길벗스쿨,"10,800원"
550,룩 백 + 체인소 맨 11권 합본 세트 ,후지모토 타츠키,학산문화사(만화),"10,800원"
551,도쿄 리벤저스 22 ,와쿠이 켄,학산문화사(만화),"4,500원"
552,"반 고흐, 영혼의 편지 1~2 세트 - 전2권 (스페셜 에디션) ㅣ 반 고흐, 영혼의 편지   ","빈센트 반 고흐, 신성림, 박은영",위즈덤하우스,"25,200원"
553,채사장의 지대넓얕 2 : 자본이라는 신 ㅣ 생각을 넓혀 주는 어린이 교양 도서  ,"채사장, 마케마케, 정용환",돌핀북,"12,600원"
554,2022 해커스 공무원 신민숙 국어 어법 합격생 필기노트 ,"해커스 공무원시험연구소, 신민숙",해커스공무원,"13,410원"
555,임포스터 ,리사 손,21세기북스,"16,200원"
556,박혜원 파워토익 VOCA ,박혜원,(주)YBM(와이비엠),"11,520원"
557,신기한 현상 사전 ,"요시타케 신스케, 이소담, 신기한 현상학회",주니어김영사,"11,700원"
558,맨큐의 경제학 연습문제풀이 ,"그레고리 맨큐, 김경환, 김종석",한티미디어,"14,550원"
559,프로야구 스카우팅 리포트 2022  ,"최훈, 고유라, 김여울, 이성훈, 이용균, 최민규",하빌리스,"19,800원"
560,국가공인자격 KBS 한국어능력시험 기출문제 17 ,KBS한국어진흥원,형설출판사,"32,400원"
561,돈독한 트레이닝 ,김얀,미디어창비,"13,500원"
562,내가 만난 소년에 대하여 ,천종호,우리학교,"12,600원"
563,미꽃체 필사 노트  ,최현미,시원북스,"13,500원"
564,작지만 큰 뇌과학 만화 ,"장이브 뒤우, 최보민",김영사,"15,120원"
565,심장보다 높이 ㅣ 창비시선 473  ,신철규,창비,"8,100원"
566,2022 이진욱 세무사의 공무원 객관식 지방세법 (기출문제 + 실전예상문제) ,이진욱,배움,"21,600원"
567,해커스 토익 실전 1000제 1 RC 리딩 문제집 (Hackers TOEIC Reading) ㅣ 해커스 신토익  ,해커스어학연구소,해커스어학연구소(Hackers),"10,710원"
568,해커스 토익 스타트 리딩 RC ㅣ 해커스 신토익  ,David Cho,해커스어학연구소(Hackers),"13,410원"
569,백년 허리 1 : 진단편 ㅣ 백년 허리 1  ,정선근,언탱글링,"16,650원"
570,김수연의 아기발달 백과 ,김수연,지식너머,"18,000원"
571,삐뽀삐뽀 119 이유식 ㅣ 삐뽀삐뽀 시리즈  ,하정훈,유니책방,"17,010원"
572,상관없는 거 아닌가? ,장기하,문학동네,"13,050원"
573,2022 켈리 지텔프 G-point 33 : 문법편 ,켈리,멘토링,"24,700원"
574,그 비스크 돌은 사랑을 한다 7 ㅣ S코믹스  ,"후쿠다 신이치, 김현주",㈜소미미디어,"4,950원"
575,이수지의 그림책 ,이수지,비룡소,"16,200원"
576,서울대 의대 엄마는 이렇게 공부시킵니다 ,김진선,카시오페아,"14,220원"
577,"두려움 없이, 당신 자신이 되세요 ","아니타 무르자니, 황근하",샨티,"14,400원"
578,크레이지 가드너 2 ,마일로,북폴리오,"14,220원"
579,동쪽 빙하의 부엉이 ,"조너선 C. 슬래트, 김아림",책읽는수요일,"16,200원"
580,원펀맨 22 특별한정판 B박스 (특별 제작 티셔츠 + 클리어 홀더 포함) ,"ONE, 무라타 유스케",대원씨아이(만화),"31,500원"
581,2022 해커스 전산세무 2급 이론 + 실기 + 최신기출문제 12회분 ㅣ 해커스 전산회계/세무  ,이남호,해커스금융,"24,210원"
582,4~7세보다 중요한 시기는 없습니다 (골드 에디션) ,이임숙,카시오페아,"14,400원"
583,멋진 신세계 ,"올더스 헉슬리, 안정효",(주)태일소담출판사,"12,420원"
584,채사장의 지대넓얕 1 : 권력의 탄생 ㅣ 생각을 넓혀 주는 어린이 교양 도서  ,"채사장, 마케마케, 정용환",돌핀북,"12,600원"
585,보카바이블 (VOCA Bible) 4.0 (A권 + B권) ㅣ 보카바이블 4.0  ,허민,스텝업,"28,800원"
586,주술회전 11 ,"아쿠타미 게게, 이정운",서울미디어코믹스(서울문화사),"4,500원"
587,해커스 그래머 게이트웨이 베이직 : 초보를 위한 기초 영문법 (Grammar Gateway Basic) ㅣ 그래머 게이트웨이 시리즈  ,David Cho,해커스어학연구소(Hackers),"13,410원"
588,프로젝트 헤일메리 ㅣ 앤디 위어 우주 3부작  ,"앤디 위어, 강동혁",알에이치코리아(RHK),"16,650원"
589,모국어는 차라리 침묵  ,목정원,아침달,"16,740원"
590,한 권으로 끝내는 해커스 토익 700+ (LC+RC+VOCA) ㅣ 해커스 신토익  ,해커스어학연구소,해커스어학연구소(Hackers),"17,820원"
591,주식회사 6학년 2반 ,"석혜원, 한상언",다섯수레,"12,150원"
592,재혼황후 7 ,알파타르트,해피북스투유,"12,600원"
593,나는 당신도 재개발 투자로 돈을 벌면 좋겠습니다 ,남무98,원앤원북스,"15,300원"
594,마지막 질문 ,김종원,포르체,"15,120원"
595,지금의 나로 충분하다 ,이소은,수오서재,"14,220원"
596,미스테리아 40호  ,미스테리아 편집부,엘릭시르,"14,250원"
597,짓궂은 안죠 양 7 ,"카토 유이치, 김보미",AK(에이케이)커뮤니케이션즈,"4,950원"
598,한 게으른 시인의 이야기  ,최승자,난다,"11,700원"
599,이상한 과자 가게 전천당 12 ㅣ 이상한 과자 가게 전천당 12 ,"히로시마 레이코, 쟈쟈, 김정화",길벗스쿨,"10,800원"
600,ETS 토익 정기시험 기출문제집 1000 Vol.1 Listening ㅣ ETS 토익 정기시험 기출문제집  ,ETS,(주)YBM(와이비엠),"16,020원"
601,수학 잘하는 아이는 이렇게 공부합니다 ㅣ 초중고로 이어지는 바른 공부습관 2 ,류승재,블루무스,"15,120원"
602,이순신의 바다 ,황현필,역바연,"19,800원"
603,10년 동안 적금밖에 모르던 39세 김 과장은 어떻게 1년 만에 부동산 천재가 됐을까? ,김재수(렘군),비즈니스북스,"15,120원"
604,서울 자가에 대기업 다니는 김 부장 이야기 1 : 김 부장 편 ㅣ 서울 자가에 대기업 다니는 김 부장 이야기 1  ,송희구,서삼독,"13,500원"
605,흔한남매 과학 탐험대 3 : 인체 ㅣ 흔한남매 과학 탐험대 3 ,"흔한남매, 이재국, 이현진, 서지은, 김덕영, 정현철, 김희목, 권경아, 최진수, 박준건",주니어김영사,"11,520원"
606,지구에서 한아뿐 ,정세랑,난다,"11,700원"
607,노인과 바다 ㅣ 민음사 세계문학전집 278 ,"어니스트 헤밍웨이, 김욱동",민음사,"7,200원"
608,도쿄 리벤저스 19 ,와쿠이 켄,학산문화사(만화),"4,500원"
609,정재승의 인간 탐구 보고서 8 ㅣ 어린이를 위한 뇌과학 프로젝트  ,"정재은, 이고은, 김현민, 정재승",아울북,"12,600원"
610,보이지 않는 곳에서 애쓰고 있는 너에게 ,최대호,떠오름,"9,720원"
611,2022 시나공 컴퓨터활용능력 2급 필기 ㅣ 2022 시나공 컴퓨터활용능력  ,"길벗 R&D, 강윤석, 김우경, 김용갑, 김종일",길벗,"18,000원"
612,"유럽 최후의 대국, 우크라이나의 역사  ","구로카와 유지, 안선주",글항아리,"14,400원"
613,바나나쌤의 1달 완성 영문법 2 ㅣ 바나나쌤의 1달 완성 영문법 2 ,아티엔바나나(르네),쌤앤파커스,"17,550원"
614,사과는 떨어지지 않는다 ,"리안 모리아티, 김소정",마시멜로,"15,120원"
615,쇼킹부동산 1 ,쇼부,SG연구소,"16,200원"
616,2022 해커스군무원 16개년 기출문제집 국어 ,"권우주, 해커스 군무원시험연구소",해커스공무원,"17,100원"
617,2022 공인노무사 핵심정리 사회보험법 ,이주현,새흐름,"27,000원"
618,헤어진 이들은 홍콩에서 다시 만난다 ,주성철,김영사,"14,850원"
619,2022 해커스경찰 황남기 경찰헌법 기본서 (경찰공무원) ,황남기,해커스패스,"40,500원"
620,골든 카무이 28 ,노다 사토루,대원씨아이(만화),"4,950원"
621,2022 선재국어 매일 국어 술술 한자 시즌 4 ㅣ 선재국어 매일 국어 4 ,이선재,수비니겨,"10,800원"
622,2022 에듀윌 공인중개사 그림 암기법 (공인중개사법령 및 중개실무) ,임선정,에듀윌,"9,900원"
623,2022 투자자산운용사 한권으로 끝내기 ver 7.0 ,유창호,시대고시기획,"30,600원"
624,2022 해커스공무원 장재혁 행정법총론 실전동형모의고사 15회 (7급 9급 소방) ,장재혁,해커스공무원,"17,100원"
625,투명인간은 밀실에 숨는다 ,"아쓰카와 다쓰미, 이재원",리드비,"13,950원"
626,누구에게도 상처받을 필요는 없다 ,지민석,스튜디오오드리,"12,600원"
627,2023 김기영 보건교사 3 ㅣ 2023 김기영 보건교사  ,김기영,미래가치,"32,400원"
628,아빠는 요리사 150  ,우에야마 토치,학산문화사(만화),"5,400원"
629,내 소꿉친구는 천사이자 야수 ,덴조,현대지능개발사,"4,950원"
630,모래알만 한 진실이라도 (여우눈 에디션) ,박완서,세계사,"14,400원"
631,해커스 토익 스타트 리스닝 LC ㅣ 해커스 신토익  ,David Cho,해커스어학연구소(Hackers),"13,410원"
632,현명한 투자자 ,"벤저민 그레이엄, 이건, 신진오",국일증권경제연구소,"20,700원"
633,열두 발자국  ,정재승,어크로스,"15,120원"
634,도쿄 리벤저스 21 ,와쿠이 켄,학산문화사(만화),"4,500원"
635,소수몽키의 한 권으로 끝내는 미국주식 ,소수몽키(홍승초),길벗,"18,000원"
636,다산의 마지막 습관 ㅣ 다산의 마지막 시리즈  ,조윤제,청림출판,"14,400원"
637,왜 일하는가 ,"이나모리 가즈오, 김윤경",다산북스,"14,400원"
638,주술회전 17 ,"아쿠타미 게게, 이정운",서울미디어코믹스(서울문화사),"4,500원"
639,체인소 맨 9 ,후지모토 타츠키,학산문화사(만화),"4,500원"
640,몬스터 차일드 ㅣ 사계절 아동문고 104 ,"이재문, 김지인",사계절,"10,800원"
641,환희의 인간 ,"크리스티앙 보뱅, 이주현",1984Books,"11,700원"
642,오월의 달리기 ㅣ 푸른숲 역사 동화 7 ,"김해원, 홍정선, 전국초등사회교과모임",푸른숲주니어,"9,900원"
643,김형석의 인생문답 ,김형석,미류책방,"14,400원"
644,슈독 : 나이키 창업자 필 나이트 자서전  ,"필 나이트, 안세민",사회평론,"19,800원"
645,2022 해커스공무원 최빈출 어휘 기출보카 4800 1~2권 + 영어단어 미니암기장 세트 - 전3권 ,해커스 공무원시험연구소,해커스공무원,"19,710원"
646,2022 단기 합격 해커스공기업 NCS 통합 기본서 직업기초능력평가 + 직무수행능력평가 ,"윤종혁, 김소원, 김태형, 복지훈, 최수지, 김동민, 해커스 취업교육연구소",해커스공기업,"20,610원"
647,2022 사회조사분석사 2급 필기 한권으로 끝내기 + 무료강의(기출) ㅣ 2022 사회조사분석사 시리즈  ,이종익,시대고시기획,"29,700원"
648,세계 미스터리 걸작선 1 : 살인자 외 ㅣ 세계 미스터리 걸작선 1  ,"대실 해밋, 어니스트 헤밍웨이, G. K. 체스터턴, 안나 카타린 그린, L. T. 미드, 로버트 유스터스, R. A. 프리먼, 클리퍼드 핼리팩스, 신예용, 박광규",코너스톤,"2,970원"
649,합리적 남자 ,"롤로 토마시, 임현진",아니마,"11,700원"
650,blanc 1 ,나카무라 아스미코,조은세상(북두),"5,400원"
651,생각은 어떻게 행동이 되는가 ,"데이비드 바드르, 김한영",해나무,"18,810원"
652,초등수학 개념사전 62 (만점공부법 특별판) ,조안호,행복한나무,"13,320원"
653,사사키와 미야노 6 ,하루소노 쇼,대원씨아이(만화),"4,500원"
654,2022 고종훈 한국사 5개년 단원별 기출 800제 ㅣ 2021 고종훈 한국사  ,고종훈,발해북스,"21,600원"
655,무례한 사람에게 휘둘리지 않는 법 ,정재훈,마인드셋,"13,500원"
656,2022 민경애 지역사회간호 민뽀전략 실전동형 모의고사 ㅣ 2022 민경애 민뽀전략 실전동형 모의고사  ,"민경애, 김철규",스쿠리지,"16,200원"
657,백합 사이에 낀 여자는 죄인가요? ,"미카미 테렌, 베니샤케, 정백송",㈜소미미디어,"8,820원"
658,"2022 최신판 렛유인 공기업 시험 전, 실전 감각 UP! 단 6+4회로 취약점 정면돌파! 코레일 한국철도공사 NCS 봉투모의고사 6+4회 ",렛유인 NCS 연구소,렛유인,"13,050원"
659,예술 이후  ,"데이비드 조슬릿, 이진실",현실문화A,"16,200원"
660,2022 해커스군무원 국어 실전동형모의고사 16회분 ,해커스 군무원시험연구소,해커스공무원,"19,800원"
661,꿈을 꾸지 않기로 했고 그렇게 되었다 ㅣ 민음의 시 296  ,권민경,민음사,"9,000원"
662,처음 읽는 식물의 세계사 ,"리처드 메이비, 김영정",탐나는책,"16,200원"
663,소녀전선 인형의 노래 4 ,"Ling, SUNBORN Network Technology Co., Ltd., 이승원",AK(에이케이)커뮤니케이션즈,"4,950원"
664,나의 연인에게 ,향기바람이,로담,"10,800원"
665,"시선으로부터,  ",정세랑,문학동네,"12,600원"
666,동물농장 ㅣ 민음사 세계문학전집 5 ,"조지 오웰, 도정일",민음사,"7,200원"
667,페인트 (반양장) ㅣ 창비청소년문학 89 ,이희영,창비,"10,800원"
668,주술회전 14 ,"아쿠타미 게게, 이정운",서울미디어코믹스(서울문화사),"4,500원"
669,2022 선재국어 한 권으로 정리하는 마무리 ㅣ 2022 선재국어  ,이선재,에스티유니타스,"21,600원"
670,일본어 문법 무작정 따라하기 ㅣ 무작정 따라하기 일본어  ,후지이 아사리,길벗이지톡,"18,900원"
671,2022 이동기 핵심문법 100포인트 요약노트 ㅣ 2022 이동기 핵심문법  ,이동기,에스티유니타스,"10,800원"
672,이것은 작은 브랜드를 위한 책 ,이근상,몽스북,"14,220원"
673,내가 죽으면 장례식에 누가 와줄까 (너나들이 리커버 에디션) ,김상현,필름(Feelm),"13,500원"
674,별게 다 영감 ,이승희,북스톤,"14,400원"
675,2022 갓대환 형사법 기출문제 총정리 - 전3권 ,김대환,멘토링,"70,200원"
676,모드의 계절 (리뉴얼판) ,"랜스 울러버, 모드 루이스, 박상현, 밥 브룩스",남해의봄날,"18,000원"
677,2022 김중규 여다나 압축 선행정학 ,김중규,카스파(주),"19,800원"
678,2022 해커스공무원 국어 비문학 독해 333 Vol. 2 (7/9급 전 직렬 / 군무원) ,해커스 공무원시험연구소,해커스공무원,"11,700원"
679,슈가레인 카페 디저트 클래스 ,조한빛,비타북스,"16,200원"
680,"나는, 휴먼  ","주디스 휴먼, 크리스틴 조이너, 김채원, 문영민",사계절,"15,300원"
681,2022 경찰학개론 핵심요약집 ,김민철,미래가치,"25,200원"
682,고려시대사 1 ㅣ 한국역사연구회 시대사총서 3  ,"김인호, 박재우, 윤경진, 추명엽",푸른역사,"15,750원"
683,대다크 4  ,"하야시다 큐, 서현아",시공사(만화),"7,200원"
684,악당의 아빠를 꼬셔라 3 (캐릭터 책갈피 1종 + 투명 포토카드 2종 + DIY 편지지 책자 + 컵홀더 2종 + 테이블 매트(패브릭 포스터) + 종이 코스터 2종 + 주접 대사 스티커 3종 + 박스 포함 한정판) ,"비아, 달슬",파인툰,"31,500원"
685,초딩 인생 처음 물리 ,"리용러, 안지선, 장형진",의미와재미,"14,220원"
686,우리말 어휘력 사전 ㅣ 관점 있는 사전  ,박영수,유유,"15,300원"
687,물리의 정석: 특수 상대성 이론과 고전 장론 편 ㅣ 물리의 정석  ,"레너드 서스킨드, 아트 프리드먼, 이종필",사이언스북스,"22,500원"
688,원피스 제2부 EP4 BOX 물의 도시 세트 - 전13권 ,오다 에이치로,대원씨아이(만화),"68,850원"
689,2023 전한길 한국사 포켓 암기노트 (스프링) ,전한길,전한길한국사,"8,100원"
690,스마일 ,김중혁,문학과지성사,"12,600원"
691,여덟 건의 완벽한 살인 ,"피터 스완슨, 노진선",푸른숲,"14,220원"
692,글멍 ,예예,모베리,"14,400원"
693,숨 (양장) ,"테드 창, 김상훈",엘리,"16,650원"
694,주식투자 무작정 따라하기 ㅣ 무작정 따라하기 경제경영/재테크  ,윤재수,길벗,"16,200원"
695,참을 수 없는 존재의 가벼움 ,"밀란 쿤데라, 이재룡",민음사,"13,500원"
696,EBS 당신의 문해력 ,"김윤정, EBS <당신의 문해력> 제작팀",EBS BOOKS,"15,300원"
697,장수탕 선녀님 ㅣ 그림책이 참 좋아 7  ,백희나,책읽는곰,"9,900원"
698,부자 아빠 가난한 아빠 2 ㅣ 부자 아빠 가난한 아빠   ,"로버트 기요사키, 안진환",민음인,"13,500원"
699,해리엇 ㅣ 보름달문고 45  ,"한윤섭, 서영아",문학동네,"9,900원"
700,체인소 맨 1 ,후지모토 타츠키,학산문화사(만화),"4,500원"
701,위대한 나의 발견 강점 혁명 ,갤럽 프레스,청림출판,"27,000원"
702,명상록 (그리스어 원전 완역본) ㅣ 현대지성 클래식 18 ,"마르쿠스 아우렐리우스, 박문재",현대지성,"10,080원"
703,담을 넘은 아이 ㅣ 일공일삼 51  ,"김정민, 이영환",비룡소,"9,900원"
704,체인소 맨 8 ,후지모토 타츠키,학산문화사(만화),"4,500원"
705,젊은 ADHD의 슬픔 ,정지음,민음사,"12,600원"
706,2022 문법풀이 전략서 (필다나) ,심우철,심슨북스,"13,050원"
707,2022 해커스공무원 단원별 기출문제집 국어 세트 (7급.9급 공무원/군무원) - 전4권 ㅣ 2022 해커스공무원 기출문제집  ,해커스 공무원시험연구소,해커스공무원,"36,000원"
708,blanc 2 ,나카무라 아스미코,조은세상(북두),"5,400원"
709,부동산 상식사전 ㅣ 길벗 상식 사전  ,백영록,길벗,"16,650원"
710,제 마음대로 살아보겠습니다 ,이원지,상상출판,"12,780원"
711,2022 최신판 에듀윌 제과제빵기능사 필기끝장 ,"오명석, 장다예, 박진홍",에듀윌,"18,000원"
712,2022 이동기 매일영어 하프모의고사 완성편 - 전2권 ㅣ 2022 이동기 매일영어 하프모의고사  ,이동기,에스티유니타스,"14,400원"
713,"꿈은 없고요, 그냥 성공하고 싶습니다 ",홍민지,다산북스,"13,500원"
714,재무제표로 찾아낸 저평가 주식 53 ,"이승환, 황우성, 김태경",센시오,"16,830원"
715,온 ㅣ 창비시선 408 ,안미옥,창비,"8,100원"
716,이방인 ㅣ 원전으로 읽는 움라우트 세계문학  ,"알베르 카뮈, 이정서",새움,"7,200원"
717,숲속 수의사의 자연일기  ,"다케타즈 미노루, 김창원",진선북스(진선출판사),"12,600원"
718,스테이트 오브 테러 ,"힐러리 로댐 클린턴, 루이즈 페니, 김승욱",열린책들,"16,020원"
719,쿠키런 어드벤처 50 : 불가사의 세계 유적 ㅣ 쿠키런 어드벤처 50 ,"송도수, 서정은",서울문화사,"9,450원"
720,스윗솔티 1~2 세트 - 전2권 ,달삐,동양북스(동양문고),"26,100원"
721,인간답게 평등하게 그래서 인권 ㅣ 반갑다 사회야 11 ,"김찬곤, 김주경",사계절,"12,600원"
722,네이티브는 쉬운 독일어로 말한다 ㅣ 네이티브는 쉬운 말한다 1 ,에밀리(임은선),길벗이지톡,"14,400원"
723,요괴 선술집 논베레케 5 ㅣ S코믹스  ,"nonco, PPSP",㈜소미미디어,"4,950원"
724,주술회전 12 ,"아쿠타미 게게, 이정운",서울미디어코믹스(서울문화사),"4,500원"
725,이상한 과자 가게 전천당 2 ㅣ 이상한 과자 가게 전천당 2 ,"히로시마 레이코, 쟈쟈, 김정화",길벗스쿨,"10,800원"
726,앵무새 죽이기 ,"하퍼 리, 김욱동",열린책들,"11,520원"
727,서울대 삼 형제의 스노볼 공부법 ,윤인숙,심야책방,"15,120원"
728,민들레는 민들레 ,"김장성, 오현경",이야기꽃,"9,000원"
729,하루 한장 초등 영어 파닉스 + 발음기호 (스프링) ㅣ 하루 한장 초등 영어 (스프링북)  ,이문필,키즈프렌즈,"12,600원"
730,ETS 토익 정기시험 기출입문서 RC 리딩 ㅣ ETS 토익 정기시험 기출입문서  ,ETS,와이비엠,"13,500원"
731,코드 브레이커 ,"월터 아이작슨, 조은영",웅진지식하우스,"21,600원"
732,나쁜 말 사전 ㅣ 슬기사전 3 ,"박효미, 김재희",사계절,"11,700원"
733,월간순정 노자키 군 13 ,츠바키 이즈미,학산문화사(만화),"4,950원"
734,페스트의 밤 ,"오르한 파묵, 이난아",민음사,"17,100원"
735,미래의 피해자들은 이겼다 ,김승섭,난다,"13,500원"
736,마법사의 신부 12 ,야마자키 코레,학산문화사(만화),"5,400원"
737,2022 권규호 공무원 국어 독해 강훈련 ,권규호,권규호언어연구실,"12,600원"
738,"식물, 같이 키우실래요?  ",블랙죠,심플라이프콘텐츠그룹,"18,000원"
739,상관없는 거 아닌가? (공중부양 에디션) ,장기하,문학동네,"13,050원"
740,30일 완독 책방 ,조미정,블랙피쉬,"12,600원"
741,교회를 아는 지식 ,우병훈,복있는사람,"12,600원"
742,초등 문해력을 키우는 엄마의 비밀 2단계 ㅣ 초등 문해력을 키우는 엄마의 비밀 2 ,"최나야, 정수정",로그인,"17,820원"
743,글쓰기 사다리의 세 칸 ,"엘렌 식수, 신해경",밤의책,"21,600원"
744,히토리 봇치의 00생활 8 ,카츠오,대원씨아이(만화),"4,950원"
745,코믹 살짝 연상이어도 여자 친구로 삼아주시겠어요? 1 ,"이라키 엔야, 노조미 코타, 나나세 메르치",서울미디어코믹스(서울문화사),"4,500원"
746,모모 ㅣ 비룡소 걸작선 13 ,"미하엘 엔데, 한미희",비룡소,"10,800원"
747,시간을 파는 상점 ㅣ 자음과모음 청소년문학 15 ,김선영,자음과모음,"9,900원"
748,주술회전 공식 팬북 ,"아쿠타미 게게, 이정운",서울미디어코믹스(서울문화사),"9,000원"
749,사과가 쿵! (보드북) ㅣ 아기그림책 나비잠   ,"다다 히로시, 정근",보림,"9,900원"
750,NFT 사용설명서 ,"맷 포트나우, 큐해리슨 테리, 남경보, 이장우",여의도책방,"16,200원"
751,친구의 전설 ㅣ 웅진 모두의 그림책 42  ,이지은,웅진주니어,"12,600원"
752,거인의 포트폴리오  ,강환국,페이지2(page2),"16,200원"
753,틴틴팅클! ㅣ 틴틴팅클! 1 ,난,중앙books(중앙북스),"15,120원"
754,이상한 과자 가게 전천당 3 ㅣ 이상한 과자 가게 전천당 3 ,"히로시마 레이코, 쟈쟈, 김정화",길벗스쿨,"10,800원"
755,나는 소망한다 내게 금지된 것을 ,양귀자,쓰다,"13,500원"
756,도쿄 리벤저스 13 ,와쿠이 켄,학산문화사(만화),"4,500원"
757,체인소 맨 5 ,후지모토 타츠키,학산문화사(만화),"4,500원"
758,2022 선재국어 기출실록 (해설 통합형) 세트 - 전5권 ㅣ 2022 선재국어  ,이선재,에스티유니타스,"44,550원"
759,2022 신용한 행정학 최근 10년 단원별 기출문제집 - 전2권 ,신용한,메가스터디교육(공무원),"35,100원"
760,외계인 인터뷰 ,"로렌스 R. 스펜서, 유리타",아이커넥,"16,200원"
761,다산의 마지막 공부 ㅣ 다산의 마지막 시리즈  ,조윤제,청림출판,"13,500원"
762,왕초보도 바로 돈 버는 부동산 경매의 기술 ,"정민우, 유근용",비즈니스북스,"17,100원"
763,이건희 컬렉션  ,SUN 도슨트,서삼독,"17,820원"
764,솔라리스 ㅣ 민음사 스타니스와프 렘 소설  ,"스타니스와프 렘, 최성은",민음사,"15,300원"
765,장송의 프리렌 6 ,"야마다 카네히토, 아베 츠카사, 서현아",학산문화사(만화),"5,400원"
766,떴다! 배달룡 선생님 ㅣ 신나는 책읽기 61 ,"박미경, 윤담요",창비,"9,000원"
767,심장 소리 ㅣ 스콜라 창작 그림책 30  ,정진호,위즈덤하우스,"11,700원"
768,관통당한 몸  ,"크리스티나 램, 강경이",한겨레출판,"19,800원"
769,그러나 아름다운 ㅣ 제프 다이어 선집   ,"제프 다이어, 황덕호",을유문화사,"16,200원"
770,사내 맞선 1 ,해화,연담,"11,700원"
771,사내 맞선 2 ,해화,연담,"11,700원"
772,2022 에듀윌 위험물산업기사 실기 2주끝장 ,최창률,에듀윌,"22,500원"
773,메모리 코드 ,"알렉산더 로이드, 신동숙",시공사,"16,200원"
774,부자 습관 가난한 습관 ,"톰 콜리, 마이클 야드니, 최은아",한국경제신문,"16,200원"
775,생명의 강 ㅣ 조금씩 삶이 달라지는 책  ,법륜,정토출판,"5,400원"
776,2022 해커스공무원 매일 하프모의고사 영어 4 24회 (9급공무원) ㅣ 2022 해커스공무원 하프모의고사  ,해커스 공무원시험연구소,해커스공무원,"13,500원"
777,사서가 된 고양이 ㅣ 모든요일그림책 3 ,"권오준, 경혜원",모든요일그림책,"11,700원"
778,위험한 숫자들 ,"사너 블라우, 노태복",더퀘스트,"15,300원"
779,웹툰을 그리면서 배운 101가지 ,이종범,동녘,"11,700원"
780,움푹한 ,윤해서,시간의흐름,"13,500원"
781,웹 3.0 레볼루션 ,윤준탁,와이즈맵,"16,200원"
782,가장 외로운 선택 ,"김현수, 이현정, 장숙랑, 이기연, 주지영, 박건우",북하우스,"14,400원"
783,"땅, 돈, 힘 ",신환종,포레스트북스,"15,300원"
784,1000년 ,"발레리 한센, 이순호",민음사,"24,300원"
785,불꽃 소방대 32 ,오쿠보 아츠시,학산문화사(만화),"5,400원"
786,트렌드 코리아 2022  ,"김난도, 전미영, 최지혜, 이향은, 이준영, 이수진, 서유현, 권정윤, 한다혜, 이혜원",미래의창,"16,200원"
787,방구석 미술관 ㅣ 방구석 미술관 1  ,조원재,블랙피쉬,"15,120원"
788,양순이네 떡집 ㅣ 난 책읽기가 좋아  ,"김리리, 김이랑",비룡소,"9,900원"
789,그릿 GRIT (100쇄 기념 리커버 에디션)  ,"앤절라 더크워스, 김미정",비즈니스북스,"14,400원"
790,주술회전 15 ,"아쿠타미 게게, 이정운",서울미디어코믹스(서울문화사),"4,500원"
791,주술회전 13 ,"아쿠타미 게게, 이정운",서울미디어코믹스(서울문화사),"4,500원"
792,멘탈의 연금술 ,"보도 섀퍼, 박성원",토네이도,"14,400원"
793,환자 혁명 ,조한경,에디터,"13,500원"
794,서양미술사  ,"에른스트 H. 곰브리치, 백승길, 이종숭",예경,"34,200원"
795,아티스트 웨이  ,"줄리아 카메론, 임지호",경당,"15,300원"
796,원씽 The One Thing (리커버 특별판)  ,"게리 켈러, 제이 파파산, 구세희",비즈니스북스,"12,600원"
797,주술회전 16 ,"아쿠타미 게게, 이정운",서울미디어코믹스(서울문화사),"4,500원"
798,실마릴리온 + 끝나지 않은 이야기 세트 - 전2권 ㅣ 톨킨 문학선  ,"존 로날드 로웰 톨킨, 크리스토퍼 톨킨, 존 하우, 앨런 리, 테드 네이스미스, 김보원, 박현묵",arte(아르테),"99,000원"
799,세상 쉽고 맛있는 튼이 이유식  ,정주희,서사원,"19,800원"
800,무기가 되는 스토리 ,"도널드 밀러, 이지연",윌북,"13,320원"
801,이것이 취업을 위한 코딩 테스트다 with 파이썬 ㅣ 이것이 시리즈  ,나동빈,한빛미디어,"30,600원"
802,낭만 강아지 봉봉 1 ,"홍민정, 김무연",다산어린이,"10,800원"
803,우당탕탕 야옹이와 바다 끝 괴물 ㅣ 큰곰자리 57 ,"구도 노리코, 윤수정",책읽는곰,"10,800원"
804,기호 3번 안석뽕 ㅣ 창비아동문고 271  ,"진형민, 한지선",창비,"9,720원"
805,린치핀 ,"세스 고딘, 윤영삼",라이스메이커,"16,200원"
806,연인들 ㅣ 문학동네포에지 41  ,최승자,문학동네,"9,000원"
807,2022 선재국어 딱공! 핵심 필기노트 50 ㅣ 2022 선재국어  ,"이선재, 선재국어연구소",에스티유니타스,"13,950원"
808,확률적 사고의 힘 ,"다부치 나오야, 황선종",에프엔미디어,"14,220원"
809,동정의 형태 시즌 2 ,박노덕,곁(beside),"16,200원"
810,페르소나주 ,"실비 제르맹, 류재화",1984Books,"11,700원"
811,뭔말 과학 용어 200 1 ,"장성규(장풍), 김석",메가스터디북스,"14,400원"
812,"욥, 까닭을 묻다 ",김기현,두란노,"15,300원"
813,오십 미터 ㅣ 문학과지성 시인선 478 ,허연,문학과지성사,"8,100원"
814,귀엽다는 말 들은 적 없어!! 1 ,하루후지 나카바,대원씨아이(만화),"4,500원"
815,2022 김중규 OX 파이널 선행정학 ,김중규,카스파(주),"10,800원"
816,영혼을 위한 닭고기 수프 1 ㅣ 영혼을 위한 닭고기 수프 1 ,"잭 캔필드, 마크 빅터 한센, 류시화",푸른숲,"14,400원"
817,중학수학 개념사전 93 ,조안호,폴리버스,"15,120원"
818,2022 에듀윌 답만보는 운전면허 필기 1종.2종 공통 ,도로교통공단,에듀윌,"9,900원"
819,"중소기업 다니던 용수는 수익형 부동산으로 어떻게 월 7,000만원 벌게 됐을까? ",강용수,리더북스,"14,400원"
820,2023 ACL 강해준 경찰학 기출문제집 3.0 ,강해준,에이씨엘커뮤니케이션,"44,100원"
821,작고 단순한 삶에 진심입니다 ,"류하윤, 최현우",위즈덤하우스,"13,500원"
822,최소 저항의 법칙 ,"로버트 프리츠, 박은영",라이팅하우스,"19,800원"
823,나만의 사시코 자수  ,"이은정, 요시다 구미코",북스토리,"3,870원"
824,감으로 하는 투자 데이터로 하는 투자 ,"천영록, 이현열",길벗,"15,750원"
825,키스로 녹인 그다음에 ,마사키 마키,조은세상(북두),"5,400원"
826,절벽의 밤 ,"미치오 슈스케, 김은모",청미래,"11,700원"
827,삐뽀삐뽀 119 소아과 (개정12판)  ,하정훈,유니책방,"26,820원"
828,우리말 어감 사전 ㅣ 관점 있는 사전   ,안상순,유유,"15,300원"
829,이방인 ㅣ 민음사 세계문학전집 266 ,"알베르 카뮈, 김화영",민음사,"8,100원"
830,마법천자문 52 ㅣ 마법천자문 52 ,"유대영, 홍거북, 김창환",아울북,"10,800원"
831,센 강의 이름 모를 여인 ,"기욤 뮈소, 양영란",밝은세상,"14,400원"
832,해커스 토익 실전 1000제 2 RC 리딩 문제집 (Hackers TOEIC Reading) ㅣ 해커스 신토익  ,해커스어학연구소,해커스어학연구소(Hackers),"10,710원"
833,흔한남매 과학 탐험대 1 : 우주 ㅣ 흔한남매 과학 탐험대 1 ,"흔한남매, 이재국, 이현진, 김덕영, 흔한컴퍼니, 정현철, 김희목, 권경아, 최진수, 박준건",주니어김영사,"11,520원"
834,행성어 서점 ㅣ 마음산책 짧은 소설  ,"김초엽, 최인호",마음산책,"13,050원"
835,우리는 언제나 다시 만나 ㅣ 스콜라 창작 그림책 7  ,"윤여림, 안녕달",위즈덤하우스,"10,800원"
836,Do it! 점프 투 파이썬 ㅣ Do it! 시리즈  ,박응용,이지스퍼블리싱,"16,920원"
837,최소한의 선의  ,문유석,문학동네,"13,500원"
838,주술회전 2 ,"아쿠타미 게게, 이정운",서울미디어코믹스(서울문화사),"4,500원"
839,도쿄 리벤저스 20 ,와쿠이 켄,학산문화사(만화),"4,500원"
840,도쿄 리벤저스 14 ,와쿠이 켄,학산문화사(만화),"4,500원"
841,아파트 청약 이렇게 쉬웠어? ,김태훈(베니아),지혜로,"16,200원"
842,두드려 보아요! ㅣ 보아요 아기 그림책 10 ,안나 클라라 티돌름,사계절,"8,100원"
843,2022 이동기 영어 핵심문법 700제 3weeks ㅣ 2022 이동기 핵심문법  ,이동기,에스티유니타스,"18,000원"
844,우리에겐 절망할 권리가 없다 ,김누리,해냄,"14,850원"
845,포켓몬스터 썬&문 포켓몬 전국대도감 ,"가와시마 준지, Koji Hayashida",대원키즈,"8,550원"
846,아이다이로 화집 지박소년 하나코 군 ,"Aidairo, 장혜영",서울미디어코믹스(서울문화사),"16,200원"
847,꽃이 핀다 ㅣ 보림 창작 그림책   ,백지혜,보림,"10,800원"
848,2022 문동균 한국사 핵심기출지문총정리 ,문동균,에스티유니타스,"19,800원"
849,요즘 사는 맛 ,"김겨울, 김현민, 김혼비, 디에디트, 박서련, 박정민, 손현, 요조, 임진아, 천선란, 최민석, 핫펠트(예은)",위즈덤하우스,"14,400원"
850,2022 30일 완성 손진숙 영문법 900제 ,손진숙,원더북스,"27,000원"
851,2022 에듀윌 한국사능력검정시험 2주끝장 심화 ㅣ 2022 에듀윌 한국사 능력 검정시험  ,에듀윌 한국사교육연구소,에듀윌,"18,900원"
852,필립 코틀러 마켓 5.0 ,"필립 코틀러, 허마원 카타자야, 이완 세티아완, 이진원",더퀘스트,"16,650원"
853,움직임의 힘 ,"켈리 맥고니걸, 박미경",안드로메디안,"16,920원"
854,경제기사 궁금증 300문 300답 ㅣ 300문 300답  ,곽해선,혜다,"19,800원"
855,마인드헌터 (리커버 특별판) ,"존 더글러스, 마크 올셰이커, 이종인",비채,"13,500원"
856,이렇게 멋진 날 ㅣ 비룡소의 그림동화 248  ,"리처드 잭슨, 이수지",비룡소,"11,700원"
857,한여름 손잡기  ,권누리,봄날의책,"9,900원"
858,"아빠, 나한테 물어봐 ㅣ 비룡소의 그림동화 234 ","버나드 와버, 이수지",비룡소,"10,800원"
859,2022 해커스경찰 갓대환 형사법 기본서 1권 : 형법 (경찰공무원) ㅣ 2022 해커스경찰 갓대환 형사법 기본서 1 ,김대환,해커스경찰,"34,200원"
860,2022 오현준 교육학 단원별 기출 1133제 ,오현준,박문각,"26,100원"
861,햇볕 쬐기 ㅣ 창비시선 470  ,조온윤,창비,"8,100원"
862,지속의 순간들 ㅣ 제프 다이어 선집   ,"제프 다이어, 이정현",을유문화사,"19,800원"
863,"하나님, 저 잘 살고 있나요? ",전대진,넥서스CROSS,"10,800원"
864,전수환 공기업 경영학 FINAL 봉투모의고사 SE ,전수환,밀더북,"9,900원"
865,이세계 삼촌 6 ,"호톤도신데이루, 김민준",영상출판미디어(주),"7,200원"
866,드래곤 퀘스트 다이의 대모험 신장채록판 16 ,"산조 리쿠, 이나다 코지, 호리이 유지",대원씨아이(만화),"9,000원"
867,블랙 클로버 30 ,타바타 유키,대원씨아이(만화),"4,950원"
868,서른의 반격 ,손원평,은행나무,"11,250원"
869,8초 만에 통증 리셋 ,문교훈(문쌤),다산라이프,"15,300원"
870,에듀윌 토익 기출 VOCA ,에듀윌 어학연구소,에듀윌,"10,800원"
871,2022 신용한 지방자치론 최근 10년 단원별 기출문제집 ,"신용한, SK100수험연구소",메가스터디교육(공무원),"22,500원"
872,2022 신용한 지방자치론 - 전2권 ,신용한,메가스터디교육(공무원),"25,200원"
873,사일런트 위치 1 ,"이소라 마츠리, 후지미 난나, 이경인",영상출판미디어(주),"9,000원"
874,필로소피 유니버스 ,"수키 핀, 전혜란",알에이치코리아(RHK),"15,120원"
875,빵 좋아하는 악당들의 행성  ,곽재식,비채,"13,320원"
876,흔해빠진 직업으로 세계최강 8 ,"RoGa, 시라코메 료, 타카야Ki, 김장준",디앤씨미디어(주)(D&C미디어),"4,500원"
877,악덕 기사단의 노예가 착한 모험가 길드에 스카우트 되어 S랭크가 되었습니다 2 ,"지오, 유우야, 박정철",㈜소미미디어,"8,820원"
878,문해력 교과서 : 초등 국어 4학년 ㅣ 문해력 교과서  ,"이도영, 이형래, 이천희, 전인숙, 권은주, 김희동, 박주현, 우철하, 이정우, 전준희",창비교육,"10,800원"
879,악당 대공님의 귀하디귀한 여동생 1 (극세사 포스터 + 초판 한정 엽서 + 떡메모지 + 홀로그램 카드 3종 + 아트스티커 2종 + 미니L홀더 + 클리어 스탠드 + 박스 포함 한정판) ,"루나행, 이깜누, 감로, 에클레어",파인툰,"30,600원"
880,빨리 하고 싶은 두 사람 2 ,쿠사카 아키,학산문화사(만화),"5,400원"
881,2022 WIN 노동법 서브노트 ,손승주,법학사,"17,100원"
882,텐배거 1000% 수익 바이블 ,강병욱,21세기북스,"16,200원"
883,스물다섯 스물하나 OST 피아노 연주곡집 ,나정현,그래서음악(somusic),"9,000원"
884,호밀밭의 파수꾼 ㅣ 민음사 세계문학전집 47 ,"제롬 데이비드 샐린저, 공경희",민음사,"7,200원"
885,달과 6펜스 ㅣ 민음사 세계문학전집 38 ,"서머싯 몸, 송무",민음사,"9,000원"
886,해리 포터와 비밀의 방 (미나리마 에디션) ㅣ 해리 포터 미나리마 에디션 시리즈  ,"J.K. 롤링, 미나리마, 강동혁",문학수첩,"29,700원"
887,세금 내는 아이들 ㅣ 아이들 시리즈  ,"옥효진, 김미연",한국경제신문,"12,600원"
888,대한민국 재건축 재개발 지도 ,정지영,다산북스,"17,100원"
889,읽으면서 바로 써먹는 어린이 속담 ㅣ 맛있는 공부 17 ,한날,파란정원,"10,800원"
890,10대를 위한 정의란 무엇인가  ,"마이클 샌델, 신현주, 조혜진, 김선욱",미래엔아이세움,"10,800원"
891,나는 주식 대신 달러를 산다 ,박성현,알에이치코리아(RHK),"14,400원"
892,주술회전 4 ,"아쿠타미 게게, 이정운",서울미디어코믹스(서울문화사),"4,500원"
893,독고솜에게 반하면 ㅣ 문학동네 청소년 46 ,허진희,문학동네,"10,350원"
894,주술회전 3 ,"아쿠타미 게게, 이정운",서울미디어코믹스(서울문화사),"4,500원"
895,하루를 48시간으로 사는 마법 ,이재은,비즈니스북스,"13,500원"
896,투자는 심리게임이다 ㅣ 코스톨라니 투자총서 2 ,"앙드레 코스톨라니, 정진상",미래의창,"10,800원"
897,쥐 The Complete Maus 합본  ,"아트 슈피겔만, 권희종, 권희섭",아름드리미디어,"16,200원"
898,여름 언덕에서 배운 것 (알라딘 리커버 한정판) ㅣ 창비시선 446 ,안희연,창비,"8,100원"
899,전쟁은 여자의 얼굴을 하지 않았다  ,"스베틀라나 알렉시예비치, 박은정",문학동네,"14,400원"
900,체인소 맨 2 ,후지모토 타츠키,학산문화사(만화),"4,500원"
901,똑똑하게 생존하기 ,"칼 벅스트롬, 제빈 웨스트, 박선령",안드로메디안,"17,820원"
902,체인소 맨 4 ,후지모토 타츠키,학산문화사(만화),"4,500원"
903,안아 줘! (리커버) ㅣ 웅진 세계그림책 29 ,제즈 앨버로우,웅진주니어,"9,900원"
904,스타트 위드 와이 ,"사이먼 시넥, 윤혜리",세계사,"16,020원"
905,2022 전한길 한국사 3.0 기출문제집 - 전2권 ,전한길,전한길한국사,"36,900원"
906,2022 해커스 한국사 능력 검정시험 2주 합격 심화(1.2.3급) ,해커스 한국사연구소,챔프스터디,"18,810원"
907,2022 김중규 5.0 기출문제 선행정학 - 전3권 ,김중규,카스파(주),"37,800원"
908,그림책 페어런팅  ,김세실,한길사,"15,300원"
909,2022 권규호 공무원 국어 필수문학작품 분석노트 ,권규호,권규호언어연구실,"7,200원"
910,2022 전효진 한권 행정법총론 ,전효진,연승,"21,600원"
911,딸에게 보내는 굿나잇 키스 ,이어령,열림원,"15,300원"
912,우리 역사에 숨어 있는 인권 존중의 씨앗 ,"김영주, 김은영, 한용욱",북멘토(도서출판),"12,150원"
913,탐정은 이미 죽었다 6 ,"니고 쥬우, 우미보즈, 김민준",영상출판미디어(주),"6,750원"
914,벚꽃 팝콘 ㅣ 웅진 우리그림책 58 ,백유연,웅진주니어,"11,700원"
915,2022 이동기 영어 실전 문법 300제 ,이동기,에스티유니타스,"15,300원"
916,엉뚱하지만 과학입니다 1 ㅣ 엉뚱하지만 과학입니다 1 ,"원종우, 최향숙, 김성연, 와이즈만 영재교육연구소",와이즈만BOOKs(와이즈만북스),"11,700원"
917,메타버스 2 ㅣ 메타버스 2  ,김상균,플랜비디자인,"16,200원"
918,2022 전한길 한국사 실전형 봉투 모의고사 ,전한길,전한길한국사,"10,800원"
919,2022 객관식 경영학 2000제 ,최중락,피데스,"38,950원"
920,거의 모든 숫자 표현의 영어 ,"조나단 데이비스, 유현정",사람in,"13,500원"
921,인생의 모든 문제에는 답이 있다 ,"웨인 다이어, 이재석",불광출판사,"16,200원"
922,똑게육아 ,로리(김준희),북로스트,"19,980원"
923,드래곤 퀘스트 다이의 대모험 신장채록판 17 ,"산조 리쿠, 이나다 코지, 호리이 유지",대원씨아이(만화),"9,000원"
924,그랜드 캉티뉴쓰 호텔 ,"리보칭, 허유영",비채,"14,220원"
925,공부란 무엇인가 ㅣ 아우름 51 ,한근태,샘터사,"10,800원"
926,암의 역습 ,"곤도 마코토, 배영진",전나무숲,"13,500원"
927,만약 우리의 시 속에 아침이 오지 않는다면 ㅣ 문학과지성 시인선 565  ,김중일,문학과지성사,"8,100원"
928,지.디펜드 G.Defend 65 ,"모리모토 슈, 박소현",서울미디어코믹스(서울문화사),"4,500원"
929,2022 최영희행정학 지방직 대비 최종점검 ,최영희,에이치북스,"16,200원"
930,멈추고 호흡하고 선택하라 ,"나즈 베헤시티, 김보람",흐름출판,"16,200원"
931,소고기를 위한 변론 ,"니콜렛 한 니먼, 이재경",갈매나무,"17,820원"
932,"지금, 사랑을 하고 있어요 2 ",하타 아유코,학산문화사(만화),"5,400원"
933,뉴필로소퍼 2022 18호 ㅣ 뉴필로소퍼 NewPhilosopher 18  ,뉴필로소퍼 편집부,바다출판사,"13,500원"
934,페스트 ㅣ 민음사 세계문학전집 267 ,"알베르 카뮈, 김화영",민음사,"11,700원"
935,총 균 쇠 (양장) ,"재레드 다이아몬드, 김진준",문학사상사,"31,500원"
936,이상한 과자 가게 전천당 11 ㅣ 이상한 과자 가게 전천당 11 ,"히로시마 레이코, 쟈쟈, 김정화",길벗스쿨,"10,800원"
937,혼자 공부하는 파이썬 ㅣ 혼자 공부하는 시리즈  ,윤인성,한빛미디어,"16,200원"
938,귀멸의 칼날 18 ,고토게 코요하루,학산문화사(만화),"4,500원"
939,귀멸의 칼날 17 ,고토게 코요하루,학산문화사(만화),"4,500원"
940,귀멸의 칼날 16 ,고토게 코요하루,학산문화사(만화),"4,500원"
941,세상에서 제일 재밌는 종이접기 ㅣ 세상에서 제일 시리즈 6 ,네모아저씨 이원표,슬로래빗,"12,600원"
942,악의 마음을 읽는 자들  ,"권일용, 고나무",알마,"12,960원"
943,경제금융용어 700선 ,한국은행,한국은행,"7,760원"
944,자유론 ㅣ 고전의세계 리커버   ,"존 스튜어트 밀, 서병훈",책세상,"8,010원"
945,가가미 다카히로가 알려주는 손 그리는 법 ,"가가미 다카히로, 박현정",이아소,"19,800원"
946,도쿄 리벤저스 12 ,와쿠이 켄,학산문화사(만화),"4,500원"
947,새는 날아가면서 뒤돌아보지 않는다 ,류시화,더숲,"12,600원"
948,인간의 130가지 감정 표현법 ㅣ 인간의 감정 표현법  ,"안젤라 애커만, 베카 푸글리시, 서준환",인피니티북스,"18,000원"
949,체인소 맨 7 ,후지모토 타츠키,학산문화사(만화),"4,500원"
950,체인소 맨 6 ,후지모토 타츠키,학산문화사(만화),"4,500원"
951,흔한남매 불꽃 튀는 우리말 4 ㅣ 흔한남매 불꽃 튀는 우리말 4 ,"한은호, 흔한남매, 유희석, 흔한컴퍼니",다산어린이,"11,700원"
952,열혈강호 84 ,"전극진, 양재현",대원씨아이(만화),"4,050원"
953,사람은 무엇으로 사는가 (러시아 원전 번역본) ㅣ 현대지성 클래식 34 ,"레프 니콜라예비치 톨스토이, 홍대화",현대지성,"6,930원"
954,문학을 열다 - 전6권 ,에토프,스푼북,"67,500원"
955,모든 주식을 소유하라 ,"존 C. 보글, 이은주",비즈니스맵,"13,050원"
956,2022 에듀윌 산업안전기사 필기 한권끝장 (이론편 + 기출문제편) ,최창률,에듀윌,"27,900원"
957,NFT는 처음입니다 ,김일동,세종(세종서적),"15,300원"
958,세계 미스터리 걸작선 2 : 모래시계 외 ㅣ 세계 미스터리 걸작선 2  ,"아서 모리슨, 헤스케스 프리처드, E. P. 버틀러, 로버트 바, M. M. 보드킨, 로드 던세이니, 바로네스 오르치, K. O. 프리처드, 이정아, 박광규",코너스톤,"2,970원"
959,50대에 도전해서 부자 되는 법 ,서미숙,유노북스,"13,950원"
960,우리 모두 가끔은 미칠 때가 있지 ,정지음,빅피시,"13,320원"
961,2022 해커스공무원 영어 고득점 문법 777 ㅣ 2022 해커스공무원 영어 고득점  ,해커스 공무원시험연구소,해커스공무원,"20,700원"
962,2022 신용한 행정학 비교불가 행정학 기출지문OX - 전3권 ,신용한,메가스터디교육(공무원),"34,200원"
963,일러스트 향상 강좌 ㅣ 쉽게 배우는 만화 시리즈 69 ,"다테나오토, 김재훈",한즈미디어(한스미디어),"16,200원"
964,아침은 생각한다 ㅣ 창비시선 471  ,문태준,창비,"8,100원"
965,혼공하는 아이들 ㅣ 아이들 시리즈  ,"이상학(해피이선생), 이갑규",한국경제신문,"13,500원"
966,몰입의 즐거움 ,"미하이 칙센트미하이, 이희재",해냄,"16,020원"
967,2022 전한길 한국사 4.0 실전동형 모의고사 시즌 2 ㅣ 2022 전한길 한국사 시리즈  ,전한길,전한길한국사,"15,300원"
968,2022 해커스 GSAT 삼성직무적성검사 실전모의고사 7회분 (수리논리/추리) ,해커스 취업교육연구소,챔프스터디,"16,110원"
969,레드 룰렛 ,"데즈먼드 슘, 홍석윤",알파미디어,"15,120원"
970,월간최신 취업에 강한 에듀윌 시사상식 2022.4 ,에듀윌 상식연구소,에듀윌,"9,000원"
971,보이는 여고생 6 ,"이즈미 토모키, JYH",영상출판미디어(주),"6,750원"
972,2022 김건호 행정법총론 최근 5개년 기출·예상 행정법 판례 ,김건호,메가스터디교육(공무원),"11,250원"
973,너 누구니 ㅣ 한국인 이야기  ,이어령,파람북,"16,200원"
974,질투는 여우빛 ,스에히로 마치,㈜에이블웍스C&C,"5,400원"
975,아들러 성격 상담소 ,"기시미 이치로, 이영미",생각의날개,"14,220원"
976,아파트 담장 넘어 도망친 도시 생활자  ,한은화,동아시아,"14,850원"
977,유녀전기 11 ,"토죠 치카, 카를로 젠, JYH",영상출판미디어(주),"4,950원"
978,선창은 언제나 나의 몫이었다 ,양경인,은행나무,"10,800원"
979,소설 읽는 신자에게 생기는 일 ,"캐런 스왈로우 프라이어, 홍종락",무근검(남포교회출판부),"18,900원"
980,어메이징 브루클린 ,"제임스 맥브라이드, 민지현",미래지향,"14,400원"
981,꼬마 기관차 ,"입 스팡 올센, 정영은",진선아이,"10,800원"
982,숫자에 속지 않고 숫자 읽는 법 ,"톰 치버스, 데이비드 치버스, 김성훈",김영사,"15,120원"
983,"집으로 가는, 길 ","홍은전, 홍세미, 이호연, 이정하, 박희정, 강곤, 정택용, 장애와인권발바닥행동, 인권기록센터 사이",오월의봄,"16,200원"
984,2022 WIN 사례연습 노동법 ,손승주,법학사,"19,000원"
985,어쩌다 클래식 ,"지이, 태복, 최은규",더퀘스트,"15,300원"
986,기분을 관리하면 인생이 관리된다 ,김다슬,클라우디아,"15,840원"
987,SCP 재단 : 확보하고 격리하고 보호하라 4 ㅣ SCP 재단 그래픽 노블  ,Team. StoryG,oldstairs(올드스테어즈),"10,800원"
988,지도자 본색 ,김덕수,위즈덤하우스,"14,400원"
989,그냥 하지 말라  ,송길영,북스톤,"15,300원"
990,NFT 레볼루션 ,"성소라, 롤프 회퍼, 스콧 맥러플린",더퀘스트,"16,200원"
991,종의 기원 ,정유정,은행나무,"11,700원"
992,소원 떡집 ㅣ 난 책읽기가 좋아  ,"김리리, 이승현",비룡소,"9,900원"
993,귀멸의 칼날 23 ,고토게 코요하루,학산문화사(만화),"4,500원"
994,해리 포터와 마법사의 돌 (미나리마 에디션) ㅣ 해리 포터 미나리마 에디션 시리즈  ,"J.K. 롤링, 미나리마, 강동혁",문학수첩,"29,700원"
995,허상의 어릿광대 ㅣ 탐정 갈릴레오 시리즈 7 ,"히가시노 게이고, 김난주",재인,"16,920원"
996,아직 오지 않은 날들을 위하여 ,"파스칼 브뤼크네르, 이세진",인플루엔셜(주),"14,400원"
997,해커스 토익 실전 1000제 2 LC 리스닝 문제집 (Hackers TOEIC Listening) ㅣ 해커스 신토익  ,해커스어학연구소,해커스어학연구소(Hackers),"10,710원"
998,작은 것들을 위한 시 ,나태주,열림원,"15,300원"
999,므레모사 ㅣ 현대문학 핀 시리즈 소설선 38  ,김초엽,현대문학,"12,600원"
1000,흔한남매 불꽃 튀는 우리말 1 ㅣ 흔한남매 불꽃 튀는 우리말 1 ,"한은호, 흔한남매, 유희석, 흔한컴퍼니",다산어린이,"11,700원"
